date_of_birth,annual_income,employment_status,reason_for_loan,dependent_count,bank_transactions,last_utility_bill_amount,last_mobile_recharge_amount,vehicle_owner,realty_ownership,credit_score
1977-09-22,568349,employed,business,4,19,4824,741,no,no,24.329695833333332
1996-01-04,834838,employed,home renovation,4,221,3370,529,no,no,42.78880833333333
1991-02-19,847968,self-employed,business,5,39,585,353,no,no,34.51626666666666
1988-02-18,1651405,employed,wedding,3,187,299,396,yes,no,70.4345625
1988-02-13,129083,self-employed,debt consolidation,1,274,4566,482,yes,no,44.69487083333333
2003-12-15,608819,employed,education,5,104,2082,284,no,no,37.47290416666666
2001-05-18,1369432,unemployed,home renovation,0,11,1571,362,yes,no,55.905899999999995
1992-07-28,1464821,employed,debt consolidation,1,34,4443,75,no,no,48.707595833333336
1982-01-10,1950463,employed,debt consolidation,4,148,4983,88,yes,yes,74.26812083333333
1982-01-12,1697608,employed,home renovation,1,115,2411,607,yes,yes,74.41143333333333
1988-12-11,827147,employed,wedding,3,236,3473,645,no,yes,53.743337499999996
1981-08-28,1098382,unemployed,business,0,183,2178,211,yes,no,61.413775
1984-07-09,704037,unemployed,education,3,76,1621,987,no,no,29.4884625
2003-03-21,1890117,employed,business,0,214,704,671,no,no,66.2084625
2004-02-21,1088836,employed,medical,5,224,3948,567,yes,no,52.91111666666666
2001-09-15,1934276,self-employed,business,4,84,3442,122,yes,no,58.60778333333333
1984-06-21,1854673,unemployed,home renovation,0,87,1517,100,no,no,58.499412500000005
2003-04-15,891047,employed,education,0,46,4697,150,yes,yes,62.5440875
1994-02-06,656791,employed,business,0,277,3975,298,no,yes,61.12988749999999
1998-11-07,1352922,employed,education,1,195,3033,910,no,no,49.828858333333336
1978-06-22,659996,self-employed,education,5,177,648,739,no,no,35.080616666666664
1994-08-21,765472,employed,medical,1,11,938,598,no,no,40.59573333333334
2001-06-26,1725335,self-employed,medical,4,159,3915,420,no,yes,55.82002083333333
1980-11-08,1094244,employed,home renovation,0,14,947,386,no,no,48.62405
1990-07-25,828513,self-employed,wedding,5,38,4809,393,yes,yes,45.37507916666667
1977-02-12,1256237,employed,debt consolidation,5,40,4607,855,yes,yes,51.60562916666667
1978-04-28,1783951,employed,education,2,10,4873,161,yes,yes,68.11005416666666
1987-06-27,210081,employed,wedding,4,219,4354,844,no,yes,39.76134583333333
1997-02-25,1968317,self-employed,debt consolidation,5,138,4568,760,no,no,41.43462916666667
1996-05-01,438590,employed,debt consolidation,0,289,2372,636,no,yes,58.828375
1996-08-11,1815982,employed,home renovation,0,130,3420,328,yes,no,69.079775
1971-06-29,943093,employed,debt consolidation,5,178,2658,378,no,no,43.25932916666667
1976-08-27,731503,employed,debt consolidation,1,156,4798,615,no,yes,49.53112083333334
1986-06-12,1104730,self-employed,education,4,30,4411,569,yes,yes,49.13045833333334
2004-02-20,727164,self-employed,education,0,119,2096,712,no,no,38.72755
2001-12-04,1009192,self-employed,travel,5,288,3773,471,yes,yes,61.425566666666654
1990-07-24,1162864,employed,wedding,0,79,1664,21,no,no,54.947799999999994
2004-08-16,101195,self-employed,business,5,170,4118,165,yes,no,36.545604166666664
1971-07-21,332725,employed,medical,4,193,1940,693,no,yes,46.33239583333333
2004-10-20,495864,employed,business,5,82,3391,486,no,no,30.322966666666666
2003-09-19,342231,employed,wedding,2,94,2987,948,no,yes,40.19055416666667
1990-02-07,755290,employed,medical,5,180,826,410,no,no,44.35579166666667
1990-01-23,214053,self-employed,business,5,25,1344,817,no,no,19.73432916666667
1975-02-18,643586,self-employed,travel,4,58,3560,186,no,yes,40.29815833333333
1991-12-08,1931175,self-employed,medical,5,188,3818,350,no,yes,59.07035416666666
1981-09-24,1829240,employed,education,4,226,1165,66,yes,no,74.50883333333333
1997-04-21,1535200,employed,business,2,183,4871,864,no,no,46.62466666666667
2004-12-27,1138075,employed,medical,4,280,382,861,yes,yes,72.18527083333332
1988-10-03,1486536,employed,travel,0,116,1181,457,yes,no,67.4497
1984-09-09,495485,employed,debt consolidation,4,228,3985,212,no,no,40.83689583333333
1971-03-03,1792495,employed,medical,2,218,2981,706,no,no,56.950854166666666
1981-08-04,1343774,employed,medical,3,63,2684,642,yes,yes,63.159175
1990-09-11,1566111,employed,travel,5,113,3070,747,no,no,43.28305416666667
1997-05-26,1865861,self-employed,debt consolidation,4,161,1252,211,no,no,55.092595833333334
1985-03-12,1719211,unemployed,business,5,195,3597,339,no,yes,57.322804166666664
1974-12-17,1409507,unemployed,home renovation,1,204,1047,372,yes,no,65.33817083333334
1996-06-09,1396208,self-employed,business,0,200,4860,901,no,no,43.7226
1977-07-02,386585,employed,debt consolidation,0,39,1817,463,yes,no,48.51831249999999
1977-12-30,1828599,self-employed,wedding,1,250,166,365,no,yes,74.70882083333335
1982-06-25,72431,self-employed,travel,1,241,736,225,yes,no,52.566720833333335
1979-06-29,1422401,employed,business,4,108,413,981,yes,no,55.87734583333334
1995-11-14,1293131,employed,medical,1,11,3497,564,no,no,42.413470833333335
1988-01-31,697008,self-employed,travel,3,287,664,896,no,no,42.7746
1994-12-16,623441,employed,education,5,5,1701,32,yes,no,45.987679166666666
1979-04-23,318512,employed,debt consolidation,5,223,925,164,yes,no,53.308066666666676
2000-07-06,948792,employed,business,2,234,3770,195,no,yes,60.73656666666667
1977-01-16,226076,employed,travel,1,176,1125,258,yes,no,55.12928333333333
1998-11-14,1318300,employed,business,1,91,2351,758,no,no,47.08008333333334
1983-01-02,1997763,employed,travel,3,45,4857,814,yes,yes,64.3680375
1976-07-22,1679849,employed,medical,0,127,904,143,yes,no,74.11011249999999
1973-03-24,1935077,employed,education,0,182,2551,330,yes,no,74.8864625
1971-09-25,1413046,self-employed,education,5,67,4731,399,no,yes,44.22774166666667
1981-04-25,1731601,employed,wedding,5,169,1491,443,yes,yes,74.34967916666666
1994-04-06,1834997,employed,travel,4,191,1335,31,yes,yes,82.84079583333333
1982-06-08,728758,employed,business,3,213,4132,882,no,yes,47.67547499999999
1976-09-30,803753,unemployed,education,2,231,3380,609,no,no,40.41357916666667
1996-11-13,100861,employed,debt consolidation,2,52,4823,674,yes,yes,44.14142916666667
2001-03-13,1436617,employed,education,3,228,4944,134,no,no,53.129712500000004
1999-08-01,1311553,unemployed,home renovation,2,7,3649,88,no,no,40.23307916666666
1980-10-03,701406,self-employed,home renovation,0,179,4300,867,yes,yes,55.44757499999999
1970-08-14,1953585,employed,education,2,103,4241,977,yes,no,57.98447916666667
1977-05-31,771001,self-employed,travel,2,120,1454,60,no,no,43.79617916666667
1994-08-12,59078,employed,wedding,3,274,1936,737,no,no,38.196475
1977-05-05,374912,employed,education,3,257,2992,185,no,yes,54.702400000000004
1977-02-20,1673911,employed,medical,2,99,2596,879,yes,yes,68.55855416666667
1990-04-17,908058,employed,business,1,277,2683,262,yes,no,65.54805833333333
2003-05-17,894092,self-employed,wedding,3,28,2658,975,no,no,27.51015
1985-01-18,1858322,employed,medical,4,120,3718,255,yes,no,62.576358333333324
1976-04-21,1017290,employed,wedding,4,155,1659,748,no,no,43.00145833333333
1982-04-04,1493717,self-employed,medical,0,54,1607,115,no,yes,62.0074625
2002-11-28,265048,self-employed,business,2,210,4171,202,yes,no,45.11776666666667
1983-04-16,810581,employed,business,1,83,2163,325,no,yes,55.03959583333333
2000-09-17,1740696,self-employed,home renovation,0,74,3742,311,no,yes,59.864700000000006
1984-11-10,966838,employed,travel,2,31,2100,557,no,no,40.53214166666667
1996-07-14,699438,self-employed,medical,3,275,1394,963,yes,yes,60.074974999999995
1988-05-16,1255663,self-employed,home renovation,4,54,4165,725,yes,no,41.14912083333333
1976-09-02,83320,unemployed,medical,5,296,2852,943,no,no,27.374166666666667
1971-02-01,377025,employed,home renovation,1,251,1853,788,yes,yes,64.01014583333333
1975-01-04,665115,employed,business,5,268,4310,277,no,no,41.990604166666664
1989-01-14,1611863,employed,wedding,4,83,1703,179,yes,no,62.43562083333334
1990-09-07,414359,employed,debt consolidation,5,194,1422,560,no,no,38.102154166666665
1973-03-31,993793,employed,home renovation,3,51,2541,464,yes,yes,60.2504125
1994-02-21,1358507,unemployed,medical,2,193,1198,660,no,no,49.302004166666656
1978-06-19,993187,employed,medical,3,260,1605,301,yes,no,64.1948375
1993-03-28,456845,employed,debt consolidation,5,226,1226,573,no,no,40.49522916666666
1991-03-05,1946558,self-employed,travel,3,245,396,808,yes,yes,77.709975
2001-12-22,1647690,employed,business,4,273,3149,810,no,no,53.18145833333334
2003-12-22,150734,self-employed,medical,1,5,2325,150,yes,yes,49.317508333333336
1974-11-30,207702,employed,education,3,38,4454,155,no,no,29.038275000000002
2004-06-19,804122,employed,wedding,4,83,3887,434,no,yes,45.420858333333335
2001-05-17,1275811,employed,home renovation,1,240,2196,323,yes,no,68.65897083333333
1980-04-06,1197087,employed,travel,2,102,3709,193,no,no,47.38225416666667
1992-12-30,1033939,unemployed,debt consolidation,5,86,2308,673,yes,yes,52.54490416666666
2003-07-30,1372373,employed,wedding,2,196,275,722,no,yes,65.85132916666666
1982-05-01,1781897,employed,business,0,257,2602,137,no,no,68.5497125
1973-03-21,656229,employed,travel,4,42,4099,296,yes,no,42.47819583333333
1997-10-18,779497,employed,home renovation,1,18,1767,832,yes,no,47.12304583333334
1993-08-21,1918670,unemployed,home renovation,3,213,4471,262,yes,no,63.07137500000001
2000-06-17,148818,employed,debt consolidation,2,93,2645,787,no,yes,40.016891666666666
1973-03-23,1023950,self-employed,education,1,60,775,709,yes,no,50.49270833333333
1998-03-12,202360,unemployed,debt consolidation,4,98,1923,395,no,no,27.96683333333333
1974-01-24,1876491,employed,business,0,97,1456,239,no,no,63.0041375
1976-04-13,669369,unemployed,travel,2,89,3172,280,no,no,35.33977916666666
1994-10-16,611165,employed,travel,5,249,3359,780,yes,no,47.23822916666666
1990-03-25,423706,employed,medical,1,26,646,820,no,no,35.437658333333346
2003-07-14,982817,employed,education,5,295,2183,424,no,yes,60.095879166666656
1984-09-06,1310533,self-employed,education,1,276,2140,207,no,no,57.16499583333333
1973-02-28,122715,unemployed,travel,1,126,4634,332,yes,no,38.57927083333333
1976-04-04,191398,employed,travel,4,132,1852,65,yes,yes,57.97180833333333
1980-12-25,1732955,self-employed,wedding,4,117,1715,840,yes,no,54.01527083333334
1979-01-27,1617628,employed,wedding,4,277,1949,212,no,no,61.38568333333333
1999-11-21,1231208,employed,wedding,3,134,2742,792,yes,no,53.6861
1990-01-15,915580,employed,education,1,136,1700,630,no,no,46.87808333333333
1984-08-01,133186,unemployed,medical,2,89,3496,637,yes,no,34.419491666666666
1971-01-16,1785826,self-employed,home renovation,5,85,4502,613,no,yes,48.10549166666667
2004-12-04,1249670,employed,wedding,4,73,3705,147,no,no,43.72420833333334
1999-09-28,644604,employed,medical,4,152,3899,431,no,no,36.882883333333325
1990-05-14,1126956,employed,debt consolidation,5,20,718,824,yes,no,47.07761666666667
1991-07-25,684486,employed,business,5,109,1232,66,yes,no,52.54874166666668
1997-07-06,314500,employed,wedding,1,169,2215,571,yes,yes,60.57458333333333
1971-07-26,120326,unemployed,debt consolidation,4,205,2439,80,yes,no,44.40940833333333
2000-02-03,928879,employed,home renovation,5,201,2839,920,no,no,38.44965416666666
1986-09-30,689282,employed,business,3,189,4376,923,no,no,35.084025
1989-06-12,270971,employed,business,3,269,1587,603,no,no,42.633137500000004
2000-06-07,856481,unemployed,home renovation,4,104,1657,381,yes,no,47.115345833333336
1981-08-18,1567509,self-employed,wedding,5,218,2213,626,no,no,46.47452916666667
2000-05-15,1990369,employed,education,1,282,1144,609,no,no,68.93494583333334
1998-02-23,1901090,self-employed,home renovation,1,166,2531,523,no,no,55.10495833333334
2001-11-21,1885669,employed,home renovation,1,161,1682,881,yes,no,67.78019583333334
1997-07-21,1267060,employed,home renovation,0,255,1408,93,no,no,64.84225
1976-10-16,1081519,employed,business,4,101,701,52,no,no,49.98032083333332
1999-04-23,839352,employed,medical,1,22,1720,675,no,no,39.73523333333333
1993-10-20,534410,employed,debt consolidation,3,101,4980,848,no,yes,38.290125
2002-04-26,1868242,unemployed,education,5,5,4866,943,yes,no,41.107691666666675
1974-04-09,1440281,self-employed,wedding,2,220,200,615,yes,yes,74.12017916666666
1974-12-27,1893954,self-employed,wedding,2,136,4371,819,no,no,45.209091666666666
1990-11-30,275314,employed,debt consolidation,1,264,337,142,no,no,52.88075833333333
1986-03-31,1537292,employed,medical,2,129,4125,404,yes,no,60.04281666666667
1983-05-01,1858476,self-employed,home renovation,2,86,3018,74,no,no,52.42161666666667
1974-11-03,1901317,employed,education,0,287,2642,299,no,yes,79.8424625
1993-11-01,1678094,employed,wedding,3,175,2103,385,no,no,56.670175
1986-08-07,1996830,employed,debt consolidation,3,63,1637,778,yes,no,62.056374999999996
2000-09-22,1590448,self-employed,travel,0,36,854,476,no,no,50.212599999999995
1979-09-12,566998,employed,debt consolidation,0,165,3468,907,no,yes,49.331475000000005
1977-01-25,997531,employed,wedding,2,288,2358,222,no,no,56.59980416666666
1992-10-17,1618560,self-employed,home renovation,4,110,3765,157,no,no,44.96533333333333
1981-10-16,515757,employed,travel,5,109,4335,582,no,no,29.073629166666663
1998-11-09,1473060,employed,medical,5,232,640,480,no,no,55.59991666666666
1972-01-04,558062,employed,education,2,192,369,158,yes,no,60.92444166666666
1976-11-10,1682185,employed,medical,5,74,3560,97,no,no,48.30397916666667
1977-04-27,182028,self-employed,medical,0,294,3508,333,no,no,41.629349999999995
1986-09-13,281447,employed,debt consolidation,3,91,605,904,yes,no,42.8180875
1999-10-19,910563,employed,education,5,60,1229,405,no,yes,49.540704166666664
1999-01-18,1539700,unemployed,education,2,117,2179,799,no,no,44.41491666666667
1971-05-15,1045843,unemployed,wedding,4,17,3245,413,no,no,31.636370833333334
1974-08-23,1910971,unemployed,wedding,2,22,3342,91,yes,yes,69.05980416666667
1990-06-14,676045,employed,education,1,186,461,650,no,yes,58.66189583333333
1972-10-05,1531235,employed,travel,2,117,3820,295,yes,no,61.06710416666667
2002-04-08,1984267,unemployed,business,0,233,1556,391,yes,yes,84.4313375
1987-05-02,351207,self-employed,wedding,3,175,4167,874,no,no,26.066087500000002
2001-10-09,1474945,employed,business,3,299,4295,801,no,yes,61.786812499999996
1987-11-21,1477120,employed,debt consolidation,5,193,1781,279,no,no,53.42866666666666
1982-12-27,1441538,employed,travel,0,83,1152,301,yes,yes,76.85522499999999
1984-11-09,316847,unemployed,education,1,150,2609,462,no,yes,44.95592083333334
1974-09-26,770488,employed,travel,0,186,4827,724,yes,no,52.0371
1985-07-05,646387,employed,wedding,2,290,781,33,no,no,57.354504166666665
1991-06-17,469065,employed,medical,0,254,4032,965,no,yes,50.849312499999996
1992-06-24,737220,self-employed,debt consolidation,0,200,2229,872,no,no,41.03725
1982-12-04,81585,self-employed,education,1,75,4949,320,yes,no,35.00514583333334
1977-01-24,1513807,employed,home renovation,2,252,4116,470,yes,no,65.25725416666666
1987-06-19,1045043,self-employed,debt consolidation,4,150,3402,217,no,no,39.922370833333325
1979-12-16,1666449,unemployed,business,4,110,819,801,yes,no,55.01594583333333
1982-08-26,339102,employed,travel,3,267,174,726,no,no,44.980775
1991-05-31,1386737,employed,education,5,74,1393,673,no,no,43.184879166666676
1983-10-08,1485397,employed,debt consolidation,0,197,2022,447,yes,yes,79.9034625
1995-09-06,1012854,self-employed,travel,3,72,4257,547,no,no,32.276675
1975-05-18,1914434,employed,education,1,56,419,715,no,no,57.07575833333335
1992-10-12,329922,self-employed,wedding,4,289,2249,345,yes,no,48.959358333333334
1992-07-04,750601,self-employed,debt consolidation,0,13,1552,431,yes,no,47.6185125
1972-12-16,1140805,employed,wedding,1,255,1655,759,yes,no,64.44339583333334
1990-12-07,1185228,unemployed,debt consolidation,5,188,4307,330,no,no,38.968016666666664
1998-06-27,964699,employed,wedding,1,183,3132,506,no,no,48.218070833333336
1972-07-27,299474,employed,travel,0,202,560,596,yes,no,56.76342499999999
1985-10-05,1802300,self-employed,home renovation,5,132,986,956,yes,no,54.26341666666667
1991-06-30,962935,self-employed,debt consolidation,1,24,3633,172,no,no,37.584020833333334
1984-06-05,310116,employed,debt consolidation,5,69,4036,820,no,no,22.721116666666667
1999-01-30,921310,unemployed,wedding,0,186,1215,550,no,yes,57.88637499999999
1977-07-17,1942064,unemployed,education,0,245,1175,174,yes,no,77.4358
2004-06-25,994994,employed,debt consolidation,5,28,3976,858,yes,no,38.97209166666667
1984-05-26,570985,unemployed,wedding,2,87,4715,707,no,no,26.653979166666662
1991-06-20,69975,employed,medical,3,189,2024,575,no,yes,45.5266875
1989-01-23,207795,employed,wedding,1,103,1026,304,yes,no,50.988770833333334
1973-05-25,1515071,employed,travel,1,66,4752,51,no,no,50.55772083333334
1988-03-22,1307949,unemployed,home renovation,2,290,2381,933,no,no,48.42402916666666
2002-04-11,979065,self-employed,medical,2,26,1155,294,no,no,39.95497916666667
1978-11-20,1074939,employed,travel,2,216,4774,948,yes,no,51.87540416666666
2003-01-08,1295709,employed,travel,4,130,641,396,no,yes,60.78769583333333
1990-10-04,924829,self-employed,travel,4,46,2261,147,no,yes,46.20169583333333
1980-07-30,1803089,employed,education,5,102,2351,196,no,no,52.643279166666666
1979-12-19,1393862,unemployed,travel,4,35,1152,919,yes,no,46.012608333333326
1973-08-03,1911924,self-employed,education,0,162,4669,725,yes,yes,70.41105
1996-03-12,1687188,employed,travel,5,116,2844,440,yes,yes,68.46851666666667
1971-07-18,1274613,unemployed,business,1,251,3969,563,no,yes,58.24799583333334
1978-06-03,438076,employed,medical,3,126,4581,871,yes,no,38.90395
2002-02-28,710008,unemployed,business,0,277,4257,425,no,yes,54.961099999999995
1974-07-12,740493,self-employed,travel,1,298,4710,809,yes,no,49.97949583333333
1990-06-07,1018181,self-employed,medical,1,211,4625,435,no,no,43.01059583333333
1987-12-28,670347,employed,medical,5,114,4775,425,no,yes,41.94600416666667
1984-03-19,1062092,unemployed,debt consolidation,2,282,1660,35,yes,no,65.37281666666667
1981-12-19,672605,employed,home renovation,2,60,3862,380,yes,yes,56.55022916666667
2000-06-17,775495,employed,business,0,61,1264,394,yes,no,56.2756875
1971-09-24,1395766,employed,home renovation,2,295,2822,65,no,yes,72.56974166666666
1979-08-09,1538856,employed,medical,1,118,2458,262,no,no,55.933033333333334
1993-04-21,151459,employed,education,2,202,570,643,yes,no,51.08990416666666
2003-09-15,811985,self-employed,medical,4,183,1516,115,no,yes,53.451145833333335
1979-01-14,250422,unemployed,home renovation,2,223,1568,139,yes,yes,61.420941666666664
2001-03-02,1930901,employed,business,1,281,908,858,yes,no,76.12359583333334
2001-02-02,1200096,self-employed,travel,5,20,271,679,yes,yes,55.335866666666675
1987-01-16,635560,employed,debt consolidation,0,65,4226,385,no,no,38.8925
1985-04-08,797512,unemployed,debt consolidation,3,58,4242,752,yes,no,36.86489999999999
1993-09-05,566123,self-employed,debt consolidation,2,172,4325,976,yes,no,38.93320416666667
1995-12-26,1428369,employed,travel,1,30,2499,317,yes,no,59.519945833333345
1975-11-26,376818,self-employed,debt consolidation,3,69,1745,100,yes,no,43.670225
1992-08-02,1086548,employed,business,3,104,157,402,no,no,49.447849999999995
1972-08-02,194832,employed,travel,4,78,1229,543,yes,no,41.78073333333333
1996-01-04,202999,self-employed,debt consolidation,3,196,1453,811,yes,yes,51.3214875
2003-03-16,398619,employed,travel,5,175,867,119,no,yes,52.47540416666667
1974-12-27,111367,employed,home renovation,1,277,3995,570,yes,no,49.88542083333334
1974-06-03,803315,employed,business,1,191,782,650,no,no,49.86077083333333
1990-04-09,455804,self-employed,wedding,2,27,3554,594,no,no,25.666216666666664
2000-09-10,958182,employed,education,2,185,2108,349,yes,yes,70.18794166666666
2000-09-20,807038,employed,debt consolidation,2,112,3242,574,no,no,40.13064166666667
1978-10-26,1334382,self-employed,education,5,166,1890,988,yes,yes,57.986441666666664
1980-09-18,954586,self-employed,travel,3,210,1577,365,no,yes,55.628325000000004
1971-05-22,1806169,employed,education,3,82,985,901,no,no,50.69711250000001
2001-02-20,1143314,employed,business,4,20,4006,177,yes,yes,58.842758333333336
1975-07-25,607685,employed,business,5,100,4592,566,no,no,29.41872916666666
1978-10-05,1442909,employed,medical,2,151,1638,461,no,no,54.36702916666667
1997-06-20,1437087,employed,debt consolidation,0,6,2173,914,no,no,44.7775875
1995-06-26,1092377,self-employed,medical,4,14,412,114,no,no,40.724045833333335
2004-09-12,252332,self-employed,education,0,129,910,159,no,yes,51.19415000000001
2001-11-25,432729,self-employed,wedding,3,85,2335,155,yes,yes,53.43911249999999
1992-05-09,1961627,employed,medical,4,144,2957,725,yes,no,61.889670833333334
1976-08-18,1210029,self-employed,medical,4,154,2863,883,no,no,36.60269583333333
1970-11-20,1118392,employed,business,1,292,2132,308,yes,no,69.56923333333333
1998-03-26,1009744,unemployed,wedding,3,133,1607,176,no,yes,54.29780000000001
1984-08-04,973780,self-employed,travel,3,243,4645,722,yes,no,47.81224999999999
1978-06-16,819299,employed,education,5,62,2670,655,yes,no,43.11790416666667
1996-10-07,1964538,self-employed,medical,4,202,1994,732,yes,no,61.68205833333333
1978-10-09,1515291,employed,wedding,3,215,2805,57,no,no,58.5111375
1984-11-26,1056080,self-employed,debt consolidation,4,49,696,647,no,yes,46.12233333333333
1970-05-05,421000,employed,wedding,5,101,2247,248,no,yes,45.00516666666667
1988-05-27,263567,employed,education,5,283,715,16,yes,no,57.521254166666665
1979-03-24,1613509,unemployed,wedding,1,27,1047,473,no,no,48.02819583333334
1991-01-04,645923,employed,wedding,4,48,4751,462,yes,yes,49.68537083333333
1986-06-05,1992811,self-employed,wedding,3,31,4473,793,no,no,39.5841375
1994-12-05,266184,employed,debt consolidation,3,286,3864,906,no,yes,45.8393
1991-05-12,348090,self-employed,medical,4,101,2113,380,yes,yes,49.708458333333326
1986-07-25,367348,self-employed,education,4,40,3797,558,no,no,21.751183333333334
1987-10-30,1281534,employed,debt consolidation,4,113,590,496,no,yes,58.86250833333333
1991-10-31,1039156,employed,wedding,2,59,4450,220,yes,no,51.50611666666667
1975-11-27,1376283,employed,wedding,3,196,2528,174,no,no,55.2075375
1997-11-17,142324,employed,medical,5,223,641,134,no,yes,51.97371666666666
1971-03-16,273536,employed,education,3,189,1387,346,yes,yes,61.6352
1983-01-02,1855808,self-employed,business,2,73,1733,201,yes,no,63.038266666666665
1981-09-08,1370567,unemployed,debt consolidation,4,134,3026,739,no,yes,48.72342083333333
1986-07-22,76155,unemployed,medical,1,59,1452,223,no,no,32.10127083333334
1983-05-11,391815,self-employed,education,4,101,4476,583,no,no,23.499020833333333
2000-03-18,1739755,self-employed,debt consolidation,4,91,1398,337,no,no,48.46427083333333
1988-04-30,1968318,self-employed,wedding,2,298,4968,966,no,no,51.574641666666665
1993-10-02,510494,employed,education,3,123,4067,390,no,yes,45.497175
1977-04-07,199381,unemployed,education,4,212,4523,682,no,yes,35.55959583333333
1992-07-23,1230267,self-employed,travel,3,158,2358,587,no,yes,52.69233750000001
1992-06-02,1574986,employed,education,0,39,4747,807,yes,no,54.073325
1979-07-13,493324,employed,business,5,83,2173,248,yes,no,45.15721666666666
1976-02-11,84707,employed,education,3,71,801,541,yes,yes,52.59683750000001
1996-05-31,987841,employed,business,1,38,2019,709,no,yes,51.453345833333344
1982-03-06,1617053,unemployed,wedding,5,101,2560,91,no,no,45.89982916666667
1970-11-11,1966545,employed,business,1,173,4362,372,yes,no,69.12114583333334
1979-04-30,1820440,employed,debt consolidation,4,173,4364,514,yes,no,60.87083333333333
1984-10-26,1801550,unemployed,wedding,5,155,4424,211,no,no,45.97804166666666
1984-09-13,796788,employed,wedding,3,75,466,929,yes,no,48.48785
1983-09-23,403299,employed,business,5,7,627,513,no,no,30.67390416666667
1974-12-15,1885289,employed,medical,4,36,4986,653,no,no,42.19744583333333
1989-11-06,1257068,self-employed,home renovation,2,291,3818,46,no,no,53.83401666666666
1998-03-26,1572688,unemployed,education,1,86,3709,653,yes,no,53.34393333333334
1988-05-17,220102,employed,travel,4,47,4035,598,yes,yes,44.38460833333333
1970-02-21,444274,unemployed,home renovation,2,109,4719,610,no,yes,37.13209166666667
1998-10-11,267285,employed,education,5,5,2253,982,no,no,20.931729166666667
1985-11-03,1436980,unemployed,education,5,65,2008,411,no,no,39.752916666666664
1990-07-29,1258052,self-employed,wedding,4,274,3112,774,yes,no,53.794983333333334
1987-07-02,808842,self-employed,education,3,184,4328,865,no,yes,42.004525
1980-02-25,1072788,employed,travel,5,228,3122,715,no,no,43.08251666666668
1999-06-17,1259504,unemployed,education,3,10,3583,185,no,no,37.2278
2001-10-09,1763136,self-employed,business,3,107,2820,554,no,yes,56.20920000000002
1998-10-09,900610,employed,home renovation,3,14,1870,579,yes,no,47.427625
1996-01-27,346141,self-employed,business,0,75,4213,476,yes,no,39.8907625
1995-05-31,993115,employed,travel,2,94,1877,210,no,no,47.926604166666664
1974-08-03,1742137,unemployed,education,2,230,4312,549,no,no,50.82937916666667
1978-06-01,1795171,employed,debt consolidation,5,162,897,556,yes,no,64.85230416666667
2001-04-25,1347076,self-employed,travel,5,232,3315,646,yes,no,52.01511666666667
1996-11-21,1788993,employed,wedding,3,130,3888,403,no,no,52.05641250000001
1993-10-22,1230887,employed,business,0,213,3076,842,yes,no,61.4640875
1995-02-11,1857610,employed,business,3,101,3837,51,yes,no,65.08612500000001
1979-06-12,295546,employed,medical,0,78,1811,606,no,no,37.91232499999999
1991-06-10,1295309,employed,education,3,119,852,402,no,yes,61.4173625
1990-08-27,701233,employed,wedding,1,195,2569,709,no,no,44.620745833333345
2001-08-19,1668136,employed,debt consolidation,1,174,4069,632,yes,no,63.42703333333334
1991-01-11,1974401,employed,business,4,208,1492,792,no,no,57.509345833333334
1998-03-06,1946220,employed,business,3,60,2705,450,no,no,52.417750000000005
2004-05-27,1091592,self-employed,wedding,5,212,777,846,no,yes,50.89756666666667
1983-09-28,196470,employed,travel,2,45,205,626,no,no,34.70254166666666
2001-03-09,694318,unemployed,travel,4,36,3387,515,yes,yes,46.88830833333333
1975-11-26,1417223,unemployed,education,5,19,4853,927,yes,yes,46.35595416666666
1996-06-25,1105146,self-employed,medical,1,66,2046,329,yes,no,53.06565833333333
1970-07-03,380929,employed,business,3,159,1195,562,yes,yes,59.7016125
1971-11-01,1631974,unemployed,medical,4,288,1882,224,no,no,57.12900833333333
1995-09-19,1597691,employed,travel,3,213,4641,80,no,no,55.53913750000001
1989-09-11,129141,employed,travel,1,191,3357,577,no,no,37.01359583333333
1992-03-05,62115,employed,home renovation,4,134,2097,928,no,no,27.335770833333335
1974-09-19,1137638,self-employed,debt consolidation,1,131,4969,245,yes,yes,61.715808333333335
1980-03-08,859343,employed,education,0,296,1661,290,no,yes,69.31978749999999
1985-07-01,1726925,employed,home renovation,1,118,4106,996,yes,no,57.64789583333334
1983-08-10,1393276,unemployed,debt consolidation,3,203,1775,626,yes,no,57.75595
1971-08-06,440479,unemployed,home renovation,2,17,1222,911,yes,no,36.46865416666667
1977-08-02,1624833,employed,home renovation,1,275,4081,896,no,no,55.27174583333334
1977-09-12,880185,employed,education,5,93,1401,171,no,yes,52.80697916666666
1980-09-09,447686,self-employed,education,2,219,1043,200,yes,no,54.12674166666667
1982-02-17,1220439,employed,wedding,0,282,4650,18,yes,no,69.8754875
1996-08-31,846657,employed,medical,4,207,1045,69,no,yes,61.48654583333333
1972-04-26,1599652,employed,medical,4,78,700,902,yes,yes,66.80898333333333
1976-06-28,697296,unemployed,wedding,2,29,2800,826,no,yes,37.97286666666667
1983-11-07,1599302,self-employed,wedding,4,105,4920,234,no,yes,51.39460833333334
1987-09-28,1075799,self-employed,travel,1,180,1517,828,no,no,44.46682083333333
1974-11-06,1777132,unemployed,debt consolidation,2,121,1624,709,no,yes,59.59281666666667
1974-01-04,1728687,employed,home renovation,3,170,3866,591,no,yes,61.4665875
1992-05-17,850101,employed,wedding,1,45,350,814,no,yes,52.369595833333335
1980-08-26,1733541,employed,business,1,124,1644,296,no,no,59.95459583333334
1988-09-02,1869822,employed,medical,1,101,178,178,no,no,64.62010833333333
2003-11-28,1094257,employed,wedding,3,149,3223,71,yes,yes,68.9722125
1975-01-30,98320,self-employed,business,0,220,997,358,no,no,41.655
1973-10-14,1014918,self-employed,business,5,233,4976,451,no,yes,46.54114166666667
1988-12-04,546758,unemployed,business,4,134,325,23,no,no,40.987808333333334
1983-08-09,1245225,employed,travel,2,141,1309,173,no,yes,64.93397916666666
1971-02-25,1223930,self-employed,travel,0,277,4998,429,no,no,49.863125
1988-08-15,662297,self-employed,business,2,121,4937,766,yes,no,38.46137916666667
2002-07-16,1880301,employed,debt consolidation,4,98,2278,856,no,no,48.62109583333334
1975-05-27,498625,self-employed,travel,3,172,2779,529,no,yes,43.9848125
1972-04-21,78625,employed,home renovation,1,207,2985,675,no,no,36.94614583333333
1971-06-12,786400,employed,business,1,153,2906,557,no,no,44.431333333333335
1997-10-22,1384809,employed,home renovation,3,187,803,569,yes,yes,74.3641125
2001-04-06,1135063,employed,home renovation,0,156,2644,606,no,no,50.64028749999999
1988-09-22,1557630,employed,business,0,78,2470,37,yes,yes,78.060375
2000-08-27,1326647,self-employed,medical,2,278,3381,717,yes,yes,68.21775416666665
1970-05-12,1995456,unemployed,debt consolidation,3,46,4810,455,no,yes,53.07320000000001
2003-03-23,538011,self-employed,business,0,216,428,217,yes,no,59.499137499999996
2000-12-25,1410858,self-employed,business,3,105,4328,479,no,no,39.439724999999996
1991-12-28,1272471,employed,travel,4,49,220,725,yes,no,53.999220833333325
2004-10-16,480424,self-employed,business,1,86,1064,985,yes,yes,51.66063333333334
1985-06-10,366205,employed,medical,1,21,4324,828,no,no,27.03289583333334
1986-07-18,998163,employed,travel,1,77,3775,113,no,yes,55.98037083333334
2002-08-05,1097328,employed,education,3,18,2176,751,no,no,37.754599999999996
1996-11-02,151376,employed,education,3,161,432,435,no,no,39.728199999999994
2001-07-24,1523682,employed,home renovation,2,227,3468,110,no,yes,69.02669166666666
1970-07-05,1964142,employed,debt consolidation,1,136,1416,550,yes,no,71.35310833333334
1972-08-27,883487,employed,home renovation,2,51,1296,648,yes,no,51.18825416666667
1993-09-30,817629,unemployed,medical,1,111,3270,859,yes,no,43.97369583333334
1986-02-08,1380228,employed,wedding,2,112,1529,531,no,no,51.151516666666666
1973-01-26,1570708,employed,debt consolidation,2,269,455,115,no,no,67.69051666666667
1978-02-27,208056,employed,education,4,209,4334,688,no,no,30.836033333333333
1974-05-31,684457,self-employed,home renovation,2,83,1626,987,no,no,31.250379166666665
1981-12-30,1893133,employed,education,3,159,3997,778,no,yes,60.840162500000005
1978-04-21,610347,employed,medical,2,275,128,816,yes,no,59.63000416666666
1976-05-02,512785,employed,medical,1,251,1113,286,yes,no,62.207145833333335
1987-10-05,1726273,employed,wedding,2,23,2802,74,no,yes,63.05107916666667
1986-10-30,1598229,employed,wedding,0,30,927,792,no,yes,61.70386249999999
1973-12-25,1082766,employed,travel,5,221,4546,909,no,no,38.069241666666656
1977-05-06,579992,employed,debt consolidation,1,158,2124,197,yes,no,57.265233333333335
1977-08-30,1028080,employed,medical,0,158,398,326,no,no,56.69499999999999
1976-05-24,778744,employed,home renovation,1,178,1965,925,yes,yes,63.78763333333334
1973-12-30,792488,self-employed,education,3,96,4116,147,yes,no,45.004099999999994
1976-05-25,685567,employed,business,5,185,2211,352,no,yes,51.54425416666666
1995-04-05,732568,employed,wedding,5,135,854,114,yes,no,54.725766666666665
1979-06-14,692804,employed,business,3,279,869,555,no,no,50.322050000000004
1997-10-11,572828,unemployed,home renovation,5,277,3835,389,yes,yes,56.117016666666665
1971-05-22,528366,employed,wedding,3,80,1338,119,no,no,41.738575
1994-04-22,771384,employed,business,0,181,2313,953,no,no,44.536300000000004
1993-02-27,1007386,self-employed,debt consolidation,4,188,2006,554,yes,no,50.77365833333334
1986-10-12,469139,employed,home renovation,1,135,1664,363,no,no,43.98957083333334
2003-04-10,569777,employed,education,3,53,1318,752,yes,no,44.61621249999999
2003-08-25,1474764,employed,debt consolidation,1,59,4701,326,no,no,47.055883333333334
1998-12-14,282549,unemployed,home renovation,0,158,1457,275,yes,yes,60.76786249999999
1972-05-10,1652029,employed,travel,4,204,3939,703,yes,yes,69.27569583333333
1977-06-05,1690067,self-employed,wedding,0,122,1560,861,yes,yes,70.49583750000001
1992-06-15,534965,unemployed,medical,5,267,4085,74,yes,no,47.79372916666667
2001-11-24,840546,employed,education,1,50,1516,342,no,no,44.88815833333334
1980-07-08,1032469,employed,debt consolidation,4,193,2953,522,yes,no,54.763195833333334
1976-09-23,86321,employed,debt consolidation,5,133,4956,142,yes,no,38.06367916666667
2002-07-28,385441,employed,business,4,53,1528,601,no,no,31.735345833333326
1992-07-30,1981660,employed,wedding,5,29,4478,792,yes,no,51.01141666666666
1982-08-19,1984312,unemployed,medical,0,270,4574,762,no,no,56.535900000000005
1977-11-15,1343590,self-employed,home renovation,3,122,4393,549,no,no,38.618874999999996
1976-01-01,206498,self-employed,medical,1,148,3162,744,no,no,29.55055833333333
1975-06-22,1116348,employed,wedding,2,204,3171,544,no,yes,59.039016666666654
1980-12-15,1988762,self-employed,wedding,2,161,655,505,no,no,58.21619166666666
1981-01-07,840144,unemployed,travel,0,138,455,630,yes,yes,65.19179999999999
1983-01-22,444583,self-employed,travel,1,152,1663,628,no,yes,46.88462083333334
1998-09-22,288389,employed,medical,1,75,3600,666,no,no,31.828195833333332
2003-12-27,689430,self-employed,home renovation,0,237,1140,378,no,no,49.407875000000004
1970-03-05,1714600,employed,medical,1,158,2786,875,no,no,53.343833333333336
1975-09-13,1150500,employed,wedding,3,94,4574,918,no,no,35.753249999999994
1998-05-09,1626590,employed,wedding,0,203,4875,919,no,no,51.54237499999999
1971-12-23,1449872,self-employed,business,3,165,2653,660,no,yes,54.4674
1970-09-26,1126299,self-employed,travel,1,30,1879,805,no,no,37.10407083333334
1982-04-11,808470,employed,business,0,125,175,819,no,no,47.815875
1985-11-13,1985502,employed,education,1,216,4426,108,yes,no,74.02010833333334
2004-02-21,714468,employed,wedding,0,67,3419,326,no,no,42.182849999999995
1998-10-10,258786,employed,business,1,72,2449,132,no,no,38.95015833333334
1988-04-30,1658507,employed,medical,3,257,2873,329,yes,yes,79.5453375
1998-06-20,736684,employed,travel,3,6,2362,808,yes,no,41.704550000000005
2002-03-23,1988904,self-employed,travel,1,112,3329,602,no,no,51.11663333333334
1976-08-21,1313008,employed,home renovation,0,290,2216,504,yes,no,71.4406
1988-03-19,1078400,employed,medical,2,53,492,466,yes,yes,67.15266666666666
2002-11-29,1238575,employed,home renovation,3,144,1208,531,no,no,49.9561875
2002-12-03,930112,unemployed,business,3,222,4462,529,yes,no,48.51240000000001
2002-03-02,408690,self-employed,debt consolidation,5,48,710,926,no,yes,33.49529166666667
1984-02-25,989947,self-employed,education,2,273,2875,726,yes,no,54.68100416666667
2004-03-22,129973,employed,medical,1,82,4098,324,yes,yes,52.62199583333334
1982-03-14,1948457,employed,medical,0,220,772,955,no,no,64.2617125
1984-06-03,684122,employed,medical,5,102,3777,718,no,no,30.584191666666666
1990-11-16,1859250,self-employed,home renovation,1,240,130,719,yes,no,71.12395833333333
2002-10-17,1098173,unemployed,business,4,286,1500,551,yes,no,57.85049583333334
1991-02-06,1552025,self-employed,medical,3,153,4171,488,no,yes,53.82831250000001
1985-01-13,337681,unemployed,debt consolidation,4,70,716,922,yes,no,35.402345833333335
1977-02-08,544509,self-employed,medical,3,238,4734,980,yes,no,39.4383625
1988-12-05,1962584,employed,travel,3,91,2886,29,yes,yes,78.02029999999999
1995-03-25,1730386,unemployed,education,4,83,970,569,no,no,46.483158333333336
1979-06-09,1645476,employed,travel,4,209,4296,978,no,no,45.97978333333332
1986-03-12,275049,employed,travel,1,283,3704,139,no,yes,57.12344583333333
2002-06-03,1367191,employed,education,5,258,1512,302,no,yes,65.61255416666667
1976-08-08,216703,employed,debt consolidation,5,134,2839,906,no,yes,36.33745416666667
2001-06-25,814357,employed,business,4,88,1040,141,no,no,44.422795833333325
1988-08-03,797419,employed,travel,1,280,440,365,no,no,57.77107083333334
1983-07-03,1129924,employed,business,5,191,3008,63,yes,no,58.69471666666666
1972-07-28,1294380,employed,travel,1,50,4233,899,no,no,39.55708333333333
1974-10-28,1886185,employed,wedding,1,187,759,802,no,no,61.72264583333333
1979-12-18,185832,employed,education,3,272,2133,396,no,no,42.6969
1971-07-01,1393499,employed,travel,5,104,1660,274,yes,yes,68.22540416666666
1982-10-02,333780,employed,wedding,5,82,3557,991,yes,no,32.91491666666666
1985-04-16,1704753,self-employed,home renovation,3,276,1756,224,no,no,59.35741250000001
1996-07-25,1152127,self-employed,wedding,4,166,3075,469,no,no,40.19492083333333
1988-02-06,454772,self-employed,medical,3,48,1149,467,no,no,31.11665
1977-07-19,1765499,self-employed,travel,5,242,553,811,yes,no,61.61940416666667
1978-12-03,621107,employed,wedding,5,138,1804,52,no,no,42.20250416666666
1980-08-12,1434490,self-employed,business,4,196,2884,595,no,yes,54.34645833333334
2003-09-09,1058559,employed,home renovation,3,282,918,871,no,no,51.785987500000005
1986-01-02,470182,employed,debt consolidation,0,22,4968,287,no,yes,44.171275
1970-05-13,1311357,self-employed,travel,0,16,112,847,no,no,43.4979625
1985-04-25,1551681,employed,medical,4,184,4079,763,no,yes,56.14134583333333
1993-11-18,732347,self-employed,debt consolidation,3,127,1020,139,no,yes,52.0743375
1982-05-14,1963722,self-employed,wedding,3,250,2518,359,no,no,58.420525
1978-11-27,1072378,unemployed,debt consolidation,1,226,1414,715,yes,no,58.060058333333345
1991-07-27,763708,unemployed,debt consolidation,5,55,3777,553,yes,yes,45.879016666666665
1998-06-22,598884,employed,home renovation,2,75,2117,115,no,no,42.51871666666667
1976-03-26,900538,employed,debt consolidation,4,52,1328,921,no,no,35.32405833333333
1991-02-06,1075014,employed,debt consolidation,2,23,4892,725,no,yes,44.22034166666666
2004-10-18,1037471,employed,travel,2,266,2534,10,no,no,57.76705416666667
1970-10-04,109182,self-employed,home renovation,4,88,2968,766,yes,no,30.502108333333332
2004-11-30,399307,self-employed,medical,3,159,2615,593,no,no,31.7813375
1991-12-28,351454,self-employed,wedding,4,57,1538,441,no,no,28.090508333333332
1991-01-01,1416808,employed,home renovation,2,111,4264,315,yes,no,58.24876666666666
1975-11-13,1751667,employed,home renovation,5,139,3643,918,yes,no,54.04650416666665
1977-03-11,1238554,employed,education,5,73,3275,536,no,yes,48.88859166666666
1992-05-05,873346,employed,home renovation,5,15,1881,62,yes,yes,58.95149166666667
1999-10-06,946782,unemployed,education,3,147,2363,949,no,no,34.968774999999994
1995-04-12,1668243,employed,wedding,0,196,2069,529,yes,no,71.22503749999998
2003-09-30,1570404,employed,debt consolidation,4,73,311,339,no,no,52.60138333333333
2001-04-24,820188,employed,travel,5,27,607,567,no,yes,46.385016666666665
1996-06-07,308517,self-employed,travel,4,185,431,334,no,yes,47.23779583333333
1985-05-31,1005154,self-employed,wedding,5,297,650,123,no,no,51.55109166666667
1970-11-09,1538673,employed,wedding,3,13,1041,156,no,no,51.2414125
1999-02-05,1407133,employed,business,0,275,827,175,yes,yes,87.93516249999999
1984-11-09,187084,employed,debt consolidation,0,97,2962,388,yes,no,47.38454999999999
1988-06-28,755475,employed,wedding,5,21,3343,148,no,no,33.994104166666666
1973-06-11,1892159,self-employed,home renovation,3,158,748,638,no,no,53.6759875
1988-12-12,632004,self-employed,travel,1,153,2837,308,no,no,40.12938333333334
1987-04-25,930179,employed,medical,4,271,2847,285,yes,no,59.966570833333336
1985-02-05,798013,employed,travel,4,110,1109,925,yes,no,47.34049583333333
1988-03-26,741738,unemployed,education,2,39,1650,798,yes,no,41.60839166666667
1993-04-11,1796588,employed,travel,3,123,903,859,no,no,53.21135
1983-09-07,1302078,self-employed,business,2,18,4180,834,no,no,32.14264166666667
2002-12-15,194539,employed,debt consolidation,5,18,4409,187,no,no,24.310404166666665
2000-07-11,474226,employed,wedding,2,270,4364,851,no,no,38.85649166666667
1970-03-27,1620439,employed,debt consolidation,0,144,3501,363,yes,no,66.82348749999998
2004-07-26,1220575,employed,wedding,4,298,4341,163,yes,no,63.17852083333333
2002-05-27,1213369,unemployed,travel,2,123,4711,935,yes,no,44.211779166666666
1981-02-05,1555949,employed,medical,0,242,3261,210,no,yes,72.92736249999999
1974-04-01,1468897,employed,medical,3,38,4648,887,yes,yes,57.0952125
1991-09-19,62289,employed,business,2,173,4255,124,no,no,36.345279166666664
2004-12-25,750336,employed,education,5,14,627,680,yes,no,43.69186666666668
1977-08-16,748956,employed,travel,5,126,3398,563,no,no,34.90261666666667
1972-06-07,1854377,employed,wedding,5,149,1123,768,no,no,52.370379166666666
1979-09-04,1355944,self-employed,travel,4,227,3834,77,no,no,48.19463333333333
1995-07-13,136365,employed,business,2,261,532,454,no,no,45.817229166666664
1994-01-19,804950,employed,home renovation,3,272,1276,454,no,yes,61.569874999999996
1997-04-19,1999022,unemployed,home renovation,2,8,500,335,yes,no,62.70444166666667
2002-07-08,225211,employed,business,4,110,2204,855,no,no,28.690470833333336
1996-09-10,1278361,unemployed,wedding,0,89,3150,717,no,yes,51.9595125
1999-11-05,1171164,employed,debt consolidation,4,218,2333,611,yes,no,58.096883333333324
1997-03-23,113646,unemployed,business,5,125,2545,632,yes,no,32.92724166666667
1981-11-14,315798,self-employed,wedding,0,136,4800,889,no,yes,37.25747499999999
1983-01-18,1580814,self-employed,medical,5,201,2935,368,no,yes,56.92684166666666
1981-10-14,1903751,unemployed,business,1,23,2613,154,no,no,51.51422083333333
1993-03-13,1933376,employed,wedding,4,134,1873,284,no,no,57.61453333333333
2000-05-05,1843961,unemployed,business,4,16,1196,518,yes,yes,64.61084583333333
1970-12-20,779532,employed,business,3,85,1028,188,yes,yes,65.05815
1986-08-26,973945,employed,debt consolidation,2,266,2051,762,no,no,50.41897916666667
1975-04-09,1218311,employed,debt consolidation,0,129,2073,847,yes,no,59.062887499999995
1986-10-29,205683,employed,wedding,0,271,1654,840,no,no,44.413037499999994
1973-01-01,956323,employed,wedding,3,144,2878,486,no,yes,53.5380375
2003-10-17,682259,employed,education,3,6,4521,852,yes,no,36.2662375
1979-09-10,586437,employed,business,2,12,1094,985,no,no,32.559129166666665
1984-11-19,1460822,self-employed,home renovation,5,254,712,423,yes,no,61.97294166666667
1976-08-24,1419909,self-employed,business,2,143,2693,162,no,no,49.55952916666667
1978-07-03,1861840,employed,business,4,128,695,113,yes,no,70.48633333333333
1992-04-06,1956039,employed,wedding,5,232,941,84,no,no,64.99515416666665
1986-01-10,616956,employed,business,1,14,4539,137,yes,no,46.29728333333334
1980-01-30,1505465,employed,travel,2,216,958,720,no,no,57.16897916666667
1987-01-17,1044170,employed,business,3,116,544,675,no,no,46.014125
1990-11-25,662492,employed,travel,5,12,1888,577,yes,no,41.00181666666666
1978-03-06,261830,employed,debt consolidation,2,296,4417,799,no,no,37.91554166666666
1989-09-03,1295077,unemployed,home renovation,0,257,3554,354,yes,yes,73.3904625
1982-08-05,1515461,employed,wedding,1,18,4052,540,no,no,44.67259583333334
2004-10-30,215140,employed,business,4,244,4787,168,yes,yes,56.96858333333332
1999-02-24,1842725,employed,travel,0,246,1130,547,no,no,67.6040625
1977-01-10,1239083,employed,travel,0,153,1395,435,yes,yes,75.9985375
1982-11-26,275160,employed,debt consolidation,1,240,2163,690,no,no,42.54683333333333
2000-02-27,1281897,self-employed,travel,4,171,1547,32,yes,no,59.49304583333333
2001-12-04,611672,employed,medical,3,24,2145,56,no,no,38.9959
1974-10-27,571998,employed,education,5,220,4719,534,yes,no,45.03864166666666
1982-08-25,656217,unemployed,home renovation,4,139,2950,738,no,no,30.206045833333334
1994-11-11,1699017,unemployed,debt consolidation,2,133,3924,843,no,no,43.276379166666665
2002-03-21,1857992,self-employed,debt consolidation,0,298,2168,715,yes,no,71.6389
1979-07-02,125388,employed,business,2,250,3861,153,no,yes,51.48201666666667
1974-11-29,605689,self-employed,medical,3,193,2375,594,yes,no,46.5311125
2000-10-10,568727,employed,business,2,48,1908,677,yes,no,45.589754166666665
1977-10-24,1825767,employed,business,4,90,1411,598,no,yes,61.85342083333333
1972-04-08,1742367,employed,wedding,2,48,4155,428,no,no,48.256254166666665
1971-10-13,282601,employed,wedding,3,149,2551,690,no,no,33.980512499999996
1985-09-22,1226410,employed,wedding,3,55,1189,982,yes,no,50.882125
1978-01-31,1132660,employed,medical,3,246,1772,808,yes,no,59.83425
1979-04-13,1350035,unemployed,business,4,298,3775,94,yes,no,61.618770833333336
2003-04-02,1733505,unemployed,education,3,55,4632,425,no,yes,50.904812500000006
1989-05-22,155111,self-employed,home renovation,0,270,4454,703,no,yes,44.5008875
1982-09-26,1547618,employed,wedding,3,124,2103,491,no,no,51.429225
1991-04-25,479667,unemployed,wedding,2,204,4298,465,yes,yes,54.616504166666665
1994-11-17,1761163,employed,debt consolidation,5,252,4964,836,yes,yes,67.99320416666666
1997-08-29,212982,self-employed,business,2,74,1224,306,yes,no,42.520941666666666
1972-10-19,348185,employed,business,5,61,1321,121,yes,no,45.21697916666667
1993-11-21,1973928,self-employed,medical,2,43,2960,971,yes,no,52.86076666666667
1995-09-07,1426401,employed,medical,4,293,2373,239,no,no,58.67734583333334
1986-09-18,284386,unemployed,wedding,2,22,3090,105,no,no,29.09149166666667
2000-05-27,1442291,unemployed,business,4,224,2610,959,no,no,42.75197083333333
1985-04-26,1295129,employed,education,4,248,336,689,no,no,54.36044583333334
2003-12-26,511792,employed,home renovation,3,287,1244,387,yes,no,59.3894
1983-08-11,551174,unemployed,business,0,78,3353,165,no,no,37.433675
1981-01-04,834625,employed,debt consolidation,5,114,3882,430,yes,no,45.735479166666664
2000-04-06,701844,unemployed,business,3,184,866,114,no,yes,55.10105000000001
1971-12-31,245246,employed,travel,3,36,2781,714,no,no,27.163575
1971-09-11,1649024,employed,medical,4,238,2765,339,yes,no,66.92613333333333
1992-12-24,296242,employed,debt consolidation,4,286,1859,448,no,no,43.138358333333336
1998-11-19,561083,employed,home renovation,5,29,3591,141,yes,no,41.53820416666667
1971-09-12,67633,self-employed,wedding,2,283,2915,876,no,no,32.07207916666667
1981-04-04,1062384,employed,debt consolidation,2,230,3613,391,no,yes,60.31046666666666
1996-10-24,1902022,employed,business,3,61,595,147,yes,yes,79.16527500000001
1985-09-17,916964,employed,wedding,1,184,3280,952,no,no,42.91538333333334
2002-11-08,99104,employed,business,1,236,4030,852,no,no,34.79213333333334
2004-10-16,1009125,unemployed,wedding,2,291,2172,279,no,yes,61.696729166666664
1982-10-09,913663,unemployed,home renovation,1,68,437,559,yes,no,51.69012083333334
2003-11-21,1166964,employed,medical,2,236,4049,405,no,yes,60.90571666666666
1997-06-27,1638878,self-employed,home renovation,4,293,3208,566,yes,no,61.39330833333333
2002-08-04,1191154,self-employed,travel,3,217,1917,922,yes,yes,62.685424999999995
2002-12-23,739115,employed,education,0,262,236,473,yes,no,67.13693749999999
1984-08-20,614678,unemployed,medical,3,22,2655,684,yes,no,36.633475
1991-06-12,1384431,employed,home renovation,2,179,4515,459,yes,no,59.302054166666665
1971-06-05,1190234,employed,travel,2,233,1015,340,no,no,57.76459166666667
1985-02-09,107993,unemployed,education,3,230,3638,262,yes,no,42.953912499999994
1981-10-24,255768,employed,travel,5,88,2200,690,yes,no,37.96376666666667
1976-10-29,1256861,self-employed,business,2,295,3007,972,yes,no,56.393429166666664
1988-10-09,821148,unemployed,business,1,250,3014,294,no,no,47.129683333333325
1996-02-11,1072460,employed,wedding,1,114,2082,283,no,no,50.44508333333334
1975-10-18,1549576,unemployed,medical,2,258,3970,29,yes,no,65.70636666666667
1989-01-24,843853,employed,business,2,92,4628,248,yes,no,50.07882916666666
2002-02-18,792296,employed,debt consolidation,5,76,3667,279,yes,yes,55.24636666666667
1981-04-01,592015,self-employed,travel,1,34,1098,427,yes,no,45.96752083333334
1971-05-03,948850,unemployed,medical,2,176,2247,954,yes,yes,58.29329166666666
1981-09-25,1627222,employed,debt consolidation,2,181,4794,319,no,yes,63.27894166666667
1975-08-08,1425828,employed,business,5,143,495,40,yes,yes,75.24951666666666
1983-12-31,307681,self-employed,wedding,5,198,3698,835,no,yes,34.66667916666666
1978-10-07,144018,self-employed,home renovation,3,190,4610,113,yes,yes,50.950225
2003-06-22,1485177,self-employed,wedding,5,222,1038,691,no,no,47.34537916666666
1979-01-29,1392630,employed,debt consolidation,0,168,1736,195,no,yes,70.385875
1988-03-05,1749752,employed,education,1,165,2824,137,no,no,61.43723333333334
2001-08-17,279104,employed,business,3,17,2610,219,yes,yes,51.928799999999995
1992-11-24,892186,self-employed,debt consolidation,0,93,4736,423,yes,no,47.100325
1984-04-10,243510,employed,education,2,46,1749,290,no,no,35.612541666666665
1991-09-10,1208423,employed,education,2,214,3790,968,no,no,45.211954166666665
1984-03-24,1543293,unemployed,travel,3,233,3535,262,no,no,51.25116249999999
2003-11-14,504162,employed,medical,5,279,3301,28,no,no,45.03669166666667
2003-02-14,874899,unemployed,travel,2,283,4279,721,no,no,40.98490416666666
1971-07-05,985129,self-employed,business,4,255,4466,741,yes,yes,57.05544583333333
1989-09-29,1394613,self-employed,education,3,212,2391,145,no,no,51.80066250000001
1999-07-27,1174905,employed,debt consolidation,0,144,4583,232,yes,no,60.4003125
1982-03-24,1129583,employed,home renovation,3,284,313,12,yes,no,72.5737875
1974-11-03,1058806,self-employed,education,1,38,3337,972,no,no,32.07440833333334
1995-06-27,744892,self-employed,debt consolidation,5,22,3962,245,yes,no,36.703816666666675
1998-08-26,1414973,self-employed,home renovation,5,61,158,863,no,no,38.45782916666666
1995-04-19,1110899,employed,travel,3,116,3030,474,yes,no,53.8862375
1999-01-25,947767,self-employed,travel,2,9,3071,237,no,no,35.451754166666674
1992-12-17,1210932,self-employed,medical,2,186,1627,922,no,yes,53.62931666666666
1986-04-15,685232,self-employed,debt consolidation,4,17,222,663,no,no,30.674733333333332
2004-03-03,254451,self-employed,education,4,289,3819,508,yes,no,43.24597083333334
1990-11-10,1377176,self-employed,wedding,5,263,1536,530,no,yes,58.65936666666667
1990-07-07,605655,self-employed,travel,4,94,1262,711,no,yes,40.97002083333333
1998-04-11,1153200,employed,travel,0,108,3400,871,no,no,44.30499999999999
1982-09-22,453322,employed,medical,4,190,3445,926,yes,no,42.34985833333334
1980-05-14,1333141,employed,home renovation,0,254,2586,981,no,yes,64.3822625
1984-04-30,118008,employed,medical,4,259,661,686,no,no,39.57643333333333
1990-09-10,427539,employed,education,5,80,4081,148,no,yes,41.36890416666666
1996-03-26,166492,employed,debt consolidation,5,112,1837,285,no,no,32.823816666666666
1998-12-16,122240,employed,business,0,160,1004,300,no,no,44.52
1983-05-12,1425035,employed,business,3,86,3654,62,yes,no,59.184937500000004
1988-09-08,1036753,self-employed,debt consolidation,5,81,4590,696,yes,no,37.53607916666667
2000-12-26,775947,unemployed,home renovation,3,262,1826,119,yes,no,57.95733750000001
1972-09-03,322900,employed,travel,2,131,3023,724,no,no,33.96691666666667
1974-08-15,511227,unemployed,home renovation,0,286,3631,957,no,yes,48.858337500000005
1996-10-28,1397098,employed,travel,5,92,4006,657,yes,no,49.14839166666666
1995-07-07,185327,employed,travel,1,208,1034,13,no,no,48.85192083333334
2001-10-14,699991,employed,business,2,20,174,676,no,no,39.30855416666667
2003-03-08,892981,employed,home renovation,3,155,394,693,no,no,46.1942625
1975-04-30,215575,self-employed,medical,5,258,120,945,yes,yes,52.57135416666667
1987-07-11,1958802,self-employed,travel,0,192,3342,879,yes,yes,73.611025
1981-05-24,1093445,employed,wedding,4,36,1138,56,yes,yes,65.96539583333333
1976-07-14,1598075,employed,wedding,1,275,4755,103,yes,no,71.51927083333334
1999-06-26,543948,employed,medical,3,9,1209,949,yes,no,40.34134999999999
1974-06-13,1405833,employed,wedding,2,173,3871,569,yes,no,59.45757916666666
2002-02-05,1696933,employed,education,0,185,471,761,no,no,61.909662499999996
2000-08-05,279189,employed,travel,1,182,1274,868,yes,no,49.69519583333334
1998-02-16,448465,self-employed,medical,0,147,1264,222,no,no,43.207812499999996
1992-07-31,301051,unemployed,home renovation,5,252,1192,445,yes,yes,56.195804166666676
1980-12-14,986705,employed,travel,4,131,1383,861,yes,no,50.841145833333336
1987-03-02,699829,unemployed,medical,2,267,2111,517,yes,yes,64.37252916666667
1995-07-06,763936,employed,business,0,44,945,845,yes,yes,61.4092
1989-01-18,1610354,employed,home renovation,3,259,2091,660,no,no,57.297425000000004
2000-04-17,830641,employed,business,5,147,620,214,yes,no,56.019679166666656
1984-02-03,321830,self-employed,travel,5,244,4566,390,no,no,29.857541666666666
1975-07-04,1604205,unemployed,home renovation,2,232,4296,82,no,no,53.90722916666667
1970-07-06,365507,self-employed,wedding,5,202,4856,525,no,no,26.373504166666663
2000-08-31,409687,employed,medical,3,69,342,85,no,no,42.0370875
1975-10-05,1754597,self-employed,travel,0,15,2900,850,no,no,43.38246250000001
1972-09-17,1274491,employed,education,2,112,4707,86,yes,no,57.923804166666656
2003-01-11,1718537,unemployed,home renovation,5,30,2996,825,no,no,35.40637916666667
1975-12-24,504179,employed,home renovation,5,155,2702,777,yes,yes,52.54490416666666
1989-05-16,1080596,employed,debt consolidation,3,225,2373,419,yes,no,60.82145
1989-12-02,92828,employed,travel,4,241,1641,623,no,no,37.03168333333333
1991-07-15,885036,self-employed,travel,4,241,2865,115,no,no,44.56628333333333
1991-04-05,322670,employed,business,5,223,2214,854,no,no,33.882041666666666
2001-11-16,1953918,self-employed,debt consolidation,0,155,4591,560,yes,no,62.391975
1980-08-04,1124168,employed,wedding,2,127,4807,485,no,yes,52.60476666666667
1986-02-03,341126,self-employed,business,5,148,3183,835,yes,no,33.61474166666667
1995-05-09,836639,self-employed,debt consolidation,1,193,1957,284,yes,no,56.68732083333333
1970-06-29,1330617,self-employed,business,2,259,869,97,yes,yes,78.54137916666666
2002-11-14,1449453,employed,wedding,4,72,1522,732,no,no,44.68749583333334
1972-05-03,804296,employed,debt consolidation,5,108,506,890,yes,no,47.20836666666666
2001-05-06,174982,employed,debt consolidation,3,163,3072,86,no,yes,48.333275
1976-12-31,1355487,self-employed,education,1,94,1972,86,no,no,50.172920833333336
1987-02-22,1167195,employed,business,5,260,2794,451,no,no,49.15860416666667
1978-08-20,1783264,employed,business,0,224,2369,549,no,no,63.2628
1996-06-17,358623,employed,home renovation,1,13,4849,254,no,no,31.228120833333335
1978-04-05,1600219,employed,wedding,5,16,1281,587,no,yes,54.03740416666667
1992-08-06,1249751,self-employed,medical,0,248,1539,787,no,yes,62.07388749999999
1992-12-14,220963,employed,education,1,186,3153,391,yes,no,50.17937083333334
1971-03-19,1240402,self-employed,debt consolidation,0,288,3433,991,no,no,48.12902499999999
1993-07-01,1853919,employed,debt consolidation,0,103,2997,726,no,no,55.069987499999996
1983-06-26,917869,employed,debt consolidation,1,201,3003,579,yes,no,58.06069583333334
1997-01-30,1197116,employed,education,1,230,328,722,yes,no,66.92128333333334
1971-04-15,909414,employed,debt consolidation,0,107,4059,746,no,no,41.139675
1980-03-13,1725611,employed,debt consolidation,4,110,1993,151,yes,yes,74.90747083333332
1972-05-25,236994,self-employed,wedding,1,62,1413,902,no,yes,37.54975833333334
1970-12-16,360375,employed,travel,5,82,1170,377,yes,yes,54.161354166666655
1971-02-20,79301,self-employed,travel,2,79,1074,93,no,no,33.52992916666667
1984-09-19,1321300,employed,home renovation,3,46,1838,152,yes,yes,68.62025
2000-01-13,1612579,employed,home renovation,0,185,3385,361,no,no,59.0272375
1971-08-04,1094327,self-employed,debt consolidation,0,37,857,554,no,no,43.2750875
1996-02-20,243783,employed,wedding,3,75,3195,922,no,no,26.1872875
1984-05-13,1795259,employed,debt consolidation,4,60,420,161,no,no,56.32407083333333
1975-03-14,68752,employed,home renovation,3,109,2421,167,yes,no,44.797399999999996
1995-06-17,1065416,employed,education,1,204,655,455,yes,no,65.99103333333333
1988-05-25,787565,self-employed,education,3,105,1486,662,yes,no,45.502562499999996
2001-10-19,1983460,employed,medical,0,260,4863,967,no,no,58.39725
1971-05-13,718755,self-employed,travel,3,78,3147,772,yes,no,38.8704375
1971-08-02,267029,unemployed,wedding,2,175,2527,312,yes,no,45.58052916666667
1983-02-05,957669,employed,business,5,147,2104,633,no,no,40.44952916666667
1978-05-06,1154849,unemployed,travel,1,170,2030,665,no,no,45.55894583333333
1995-09-26,1357079,employed,business,3,265,4941,459,no,no,50.741487500000005
2003-08-28,1714742,unemployed,medical,0,225,4870,730,yes,no,60.64427499999999
1989-07-24,1889903,employed,medical,5,87,2263,233,yes,no,62.78445416666667
1981-01-16,1218544,self-employed,debt consolidation,1,186,3967,52,no,no,49.41113333333333
1992-07-24,427844,employed,home renovation,0,14,2526,273,yes,no,48.26604999999999
1985-08-05,1699423,employed,medical,4,8,3893,765,no,no,39.54012083333333
2002-12-30,60699,self-employed,medical,2,296,2613,12,no,no,41.87940416666667
1989-08-08,1294709,self-employed,business,4,285,3903,646,no,no,44.50119583333333
1974-04-27,584003,employed,home renovation,2,219,2427,277,yes,no,57.29270416666667
1977-04-13,1117745,employed,medical,3,102,717,605,no,yes,56.5878125
1971-01-12,568652,self-employed,travel,1,105,2265,25,no,no,40.91148333333333
1987-04-17,168413,self-employed,medical,3,13,3408,343,no,no,22.509162500000002
1975-02-13,1742128,unemployed,home renovation,2,65,1092,473,yes,yes,69.77926666666666
1998-02-19,1366502,self-employed,debt consolidation,2,150,1477,68,yes,no,62.613941666666676
1989-11-05,1842113,unemployed,wedding,2,67,4481,186,yes,no,57.22107916666667
1971-06-16,1621564,self-employed,home renovation,5,125,3274,72,no,no,45.918216666666666
1983-01-11,1223057,employed,business,0,230,4882,967,no,no,47.3542125
1997-08-24,265400,employed,wedding,1,109,1405,570,yes,no,48.590833333333336
1984-07-25,1082532,self-employed,travel,3,264,4933,316,no,no,43.70565
1994-05-29,609873,self-employed,education,3,259,3178,255,yes,no,51.6674125
1990-04-25,1915690,employed,home renovation,4,211,2786,298,no,yes,69.27745833333333
1989-01-07,1277512,employed,debt consolidation,2,32,3083,807,no,no,39.99956666666667
1979-06-10,442136,unemployed,business,2,174,2623,964,yes,no,41.00736666666667
1973-10-08,1969424,employed,travel,2,80,3682,341,yes,no,64.51046666666667
1994-12-22,1546906,employed,wedding,3,120,1585,536,yes,no,61.80632500000001
1971-01-20,439954,employed,travel,4,73,2200,859,no,no,29.492758333333335
1989-05-28,88067,employed,home renovation,0,238,4681,264,no,no,40.99883749999999
2003-01-31,1796621,employed,medical,5,5,3815,613,no,no,40.614429166666675
1989-07-21,1876198,employed,debt consolidation,1,171,2101,519,yes,no,70.94380833333334
1982-03-19,68073,employed,home renovation,0,222,1487,800,no,no,40.9769125
1985-02-10,86035,self-employed,education,3,277,3283,727,yes,no,41.089437499999995
1984-04-29,1294625,employed,home renovation,5,255,1130,615,no,yes,62.18947916666666
1975-09-20,283782,self-employed,wedding,5,178,1865,746,yes,no,37.923941666666664
1986-07-29,664661,unemployed,wedding,5,174,4863,822,no,yes,35.72892916666666
1983-11-15,1968370,employed,home renovation,2,250,1320,839,no,yes,72.74129166666667
1973-06-11,664805,self-employed,wedding,1,94,3906,472,no,no,33.811395833333336
1998-08-13,1688314,employed,medical,3,53,2514,208,no,no,51.645925000000005
1980-08-02,1633246,unemployed,travel,3,298,4445,280,yes,no,63.625575
2004-11-07,776331,employed,home renovation,5,154,1718,755,yes,no,48.084804166666665
2003-05-22,1556404,self-employed,debt consolidation,3,136,1363,567,no,no,47.859049999999996
1971-07-17,1844291,self-employed,medical,1,63,971,73,yes,no,66.86497083333333
1975-05-08,111929,employed,travel,1,203,934,239,yes,no,55.62444583333333
1997-10-07,807771,employed,debt consolidation,4,219,2922,951,no,no,39.026470833333335
1981-07-16,1851454,self-employed,debt consolidation,4,53,1018,961,no,no,42.48050833333333
1986-02-05,935296,self-employed,debt consolidation,0,236,1824,258,yes,no,62.2632
1978-01-22,717689,employed,travel,1,251,2513,255,yes,no,62.27844583333334
1995-11-06,830965,self-employed,medical,1,243,1413,949,yes,yes,63.55439583333333
1998-09-20,337313,employed,debt consolidation,1,172,4598,596,no,yes,45.993745833333335
1998-08-11,137468,self-employed,debt consolidation,4,52,2205,166,no,yes,36.58168333333334
2004-09-14,1133170,employed,business,5,55,2668,744,no,yes,45.80529166666666
1999-07-24,241703,unemployed,home renovation,5,102,1238,711,no,no,25.201954166666667
1977-10-19,1143609,employed,travel,3,220,309,994,yes,yes,69.7371125
1999-08-29,1685997,employed,travel,5,181,1164,573,no,yes,63.733629166666674
1997-09-03,1040669,employed,wedding,2,84,2320,959,no,yes,49.64502916666667
1985-06-07,1172437,employed,travel,4,189,333,97,yes,yes,75.80279583333332
1996-10-18,757650,employed,medical,1,31,892,322,no,yes,54.34995833333333
2003-07-21,343894,employed,travel,5,199,3210,860,no,no,30.89534166666667
1981-01-05,1663325,self-employed,business,4,218,2266,75,no,no,54.742895833333336
1986-10-27,1565592,employed,home renovation,5,118,434,671,no,yes,59.55856666666666
1984-01-12,1176798,employed,home renovation,0,246,1459,29,yes,no,73.801975
2002-01-04,686308,employed,travel,1,128,1314,42,yes,no,60.264183333333335
1983-04-08,1909234,employed,debt consolidation,0,80,4519,849,no,yes,60.337425
2000-11-23,843153,employed,education,1,200,383,802,yes,no,60.08674583333333
1972-09-15,594897,employed,education,4,48,312,567,no,no,36.875545833333334
1982-04-11,1753377,employed,debt consolidation,3,190,1758,82,no,no,62.08121250000001
1983-07-18,1302557,employed,debt consolidation,5,250,4178,875,no,no,43.342629166666676
1991-11-11,154211,employed,debt consolidation,5,88,4947,834,no,yes,29.760304166666668
1996-03-21,1284897,employed,medical,2,211,1517,352,no,no,56.72387916666667
1989-10-14,1540687,employed,education,0,155,2486,142,no,no,60.616587499999994
1990-02-20,537689,employed,debt consolidation,5,160,1894,64,no,no,41.95977916666667
1999-03-25,973160,unemployed,medical,4,20,204,70,yes,yes,60.38983333333333
1978-08-09,910952,employed,wedding,3,169,4965,866,yes,no,46.2469
1991-09-10,1555532,self-employed,medical,4,149,3993,529,yes,no,51.951483333333336
1978-09-25,900741,employed,education,0,41,3945,281,yes,no,52.6092625
1979-04-09,1128560,self-employed,travel,2,49,3790,255,yes,yes,58.093666666666664
2000-01-15,1741811,self-employed,wedding,5,210,3392,185,yes,no,60.30530416666666
1995-09-05,1827758,employed,education,4,66,478,637,no,no,52.15430833333333
1993-04-17,1104477,unemployed,medical,1,23,3393,326,no,no,38.243295833333335
1999-03-02,212624,employed,business,3,11,3429,792,yes,no,33.42980000000001
1980-07-28,1320893,employed,home renovation,4,253,4908,714,no,no,45.538495833333336
1974-03-31,1391775,self-employed,education,3,121,3538,671,no,no,39.6611875
1977-08-27,743045,self-employed,debt consolidation,5,72,324,140,yes,no,47.506729166666666
1992-07-11,1041469,employed,medical,1,38,837,111,no,no,50.46769583333334
2001-01-01,195788,employed,debt consolidation,2,198,335,319,no,no,45.154016666666664
1983-10-12,688387,employed,debt consolidation,2,59,4378,791,yes,yes,51.555504166666665
1983-11-01,585426,employed,debt consolidation,1,270,811,301,no,no,54.51915833333334
1993-02-28,740658,self-employed,debt consolidation,3,46,1988,731,yes,no,40.272225
1983-05-11,1018616,employed,debt consolidation,5,235,4818,504,no,no,41.473366666666664
2004-09-15,73429,employed,wedding,4,14,1359,370,yes,no,38.53319583333333
1971-04-14,1673064,employed,education,1,132,848,347,no,no,60.68063333333335
1989-03-23,1300956,employed,education,0,183,4086,588,no,no,51.35995
1972-09-04,1540036,employed,home renovation,3,197,3651,19,no,yes,66.60845
1983-02-05,822577,self-employed,medical,2,96,609,58,yes,no,54.95087916666667
1983-06-24,1343703,unemployed,business,1,235,1923,496,no,yes,63.07362083333333
1980-04-24,937700,self-employed,wedding,2,82,4980,632,no,no,31.20791666666667
1971-11-12,1859377,employed,medical,3,89,3041,330,no,no,53.310212500000006
1991-05-14,1115923,unemployed,wedding,2,34,4332,740,no,no,31.25170416666667
1990-03-17,1770856,self-employed,education,1,217,2234,578,no,no,56.07103333333333
1971-05-15,606110,self-employed,debt consolidation,3,53,1877,804,no,yes,38.432375
1971-11-17,1014163,employed,home renovation,0,269,1322,980,no,yes,63.6830375
1984-12-03,1662972,employed,home renovation,1,149,3767,634,no,no,52.69648333333335
1979-03-25,965387,employed,travel,4,73,1877,142,no,no,43.87667083333333
1984-04-04,1580891,employed,business,5,62,1404,592,no,yes,55.799804166666675
1971-11-28,57967,employed,home renovation,1,189,4959,92,yes,no,47.669920833333336
1985-01-22,1995727,employed,debt consolidation,3,66,801,66,no,no,60.984587499999996
2004-11-11,1634735,employed,education,5,170,3089,385,no,no,50.57285416666666
1987-09-05,275371,self-employed,business,1,175,251,358,yes,no,51.443470833333336
2003-04-12,1307100,employed,medical,0,67,1425,280,no,no,54.03875
1998-10-23,1828206,employed,debt consolidation,0,151,1401,492,no,no,62.68057499999999
1975-01-14,1263261,unemployed,debt consolidation,4,165,3822,120,yes,no,53.530095833333334
1982-02-16,602467,unemployed,home renovation,2,145,1811,878,no,yes,44.04550416666666
1981-02-08,301537,self-employed,business,5,101,906,896,yes,no,34.713879166666665
1989-09-20,1806124,unemployed,education,3,225,4430,85,yes,no,64.11655
1984-11-03,891531,employed,travel,3,47,2822,167,no,no,41.180137499999994
1988-03-18,1658126,unemployed,wedding,2,296,4756,541,yes,no,62.27124166666667
1986-08-23,914645,employed,wedding,0,112,1425,942,yes,yes,64.7630625
1989-10-30,1478127,employed,education,0,270,4233,652,no,yes,66.9905875
1985-11-03,985772,employed,education,1,99,1259,338,yes,no,59.707483333333336
1990-02-24,521082,employed,wedding,4,266,2969,131,no,no,45.89885833333334
1995-06-22,1971277,employed,travel,5,75,4616,50,no,no,50.32562916666667
1997-05-30,110545,self-employed,business,4,223,1342,176,yes,no,46.421145833333334
1981-07-10,1333131,self-employed,wedding,4,25,447,931,yes,no,46.04347083333333
1994-04-28,273894,employed,education,1,96,1931,651,no,no,36.185008333333336
1999-03-07,777506,employed,home renovation,4,131,1669,32,no,no,45.94415833333333
2001-04-19,1039470,self-employed,medical,2,84,4035,288,yes,no,47.91004166666666
1986-03-21,1400642,self-employed,travel,1,242,2018,772,no,no,51.18535833333333
1999-08-17,1665777,employed,debt consolidation,2,186,3332,478,yes,no,65.34487916666667
1991-08-06,1457753,self-employed,travel,1,29,3858,409,no,yes,51.19924583333334
2002-07-18,1465512,employed,home renovation,4,160,2455,18,yes,no,64.56223333333332
1990-04-28,300497,employed,home renovation,2,9,1497,22,yes,yes,57.658879166666665
1995-04-02,1023181,unemployed,debt consolidation,2,124,2880,933,yes,no,45.566429166666666
1980-05-11,1069658,employed,education,2,281,1924,932,no,yes,60.91939166666667
1982-12-20,1541633,employed,wedding,1,22,2591,828,no,no,45.24174583333333
1995-03-09,751692,unemployed,business,3,202,4160,841,no,no,32.766149999999996
1980-03-21,1583854,self-employed,travel,4,61,504,61,yes,no,59.56350833333334
1995-03-23,956295,employed,debt consolidation,2,97,1821,218,yes,yes,67.64835416666666
1982-06-22,1254680,employed,travel,5,23,2925,559,yes,yes,57.06016666666667
1977-08-07,743206,employed,home renovation,3,197,3945,621,no,no,40.040075
1983-06-14,1813410,self-employed,wedding,5,241,4310,714,no,yes,55.62429166666667
1981-12-01,1143512,employed,travel,4,281,3292,411,no,no,50.98323333333333
1985-07-05,735154,employed,business,4,231,164,200,yes,no,61.74475833333334
2002-12-28,1815524,unemployed,home renovation,2,237,1399,60,no,no,62.81271666666667
1982-01-03,1300632,employed,business,2,44,1515,402,yes,no,58.07456666666667
1997-02-19,275469,employed,wedding,1,157,3693,662,no,no,35.620695833333336
1980-04-30,1126717,employed,travel,3,131,1068,689,yes,yes,66.6079625
1972-11-21,187478,self-employed,medical,3,241,468,832,no,yes,45.137475
1987-02-20,1195935,employed,travel,2,59,332,630,yes,yes,67.60185416666667
1975-07-05,959711,employed,wedding,4,176,2342,728,no,yes,52.16572083333333
1972-09-28,1252939,self-employed,travel,2,113,3183,948,no,yes,47.13240416666666
1986-04-01,1664432,employed,debt consolidation,4,188,1020,309,no,no,58.40873333333333
1980-07-23,671827,employed,travel,4,202,788,631,no,no,43.945170833333336
1990-02-12,1669715,employed,education,2,91,4372,205,no,no,51.29410416666666
2000-06-04,543158,employed,travel,0,205,1569,426,no,no,49.641475
1995-12-29,1677687,employed,travel,3,279,4825,673,no,no,53.5410875
1976-05-27,73312,employed,business,5,215,4359,429,yes,no,40.32506666666666
1977-12-14,1010612,employed,medical,4,122,3722,764,no,yes,46.98198333333333
1978-11-01,477387,employed,business,4,195,2200,649,no,no,38.160670833333334
2002-09-19,484995,self-employed,business,0,46,2365,626,yes,yes,52.37243749999999
1999-03-10,1822764,unemployed,home renovation,5,46,3889,531,no,yes,48.66321666666667
1981-06-06,1599107,self-employed,education,1,280,923,365,yes,no,71.82617083333334
1999-02-22,1983731,unemployed,business,0,21,3531,157,yes,no,62.214637499999995
1999-05-09,848843,employed,debt consolidation,5,287,4251,374,yes,no,54.385204166666654
1983-02-19,1594613,unemployed,wedding,0,262,4313,373,yes,yes,75.67666249999999
1980-12-01,1347638,employed,debt consolidation,4,67,897,980,no,no,41.93480833333333
1994-05-04,893441,unemployed,wedding,3,66,879,661,no,no,36.1000125
1974-12-16,1507214,unemployed,travel,0,104,2950,711,no,no,46.03017499999999
1974-08-12,485684,self-employed,home renovation,1,23,2992,411,no,no,30.46038333333333
1978-05-24,1655235,unemployed,education,2,21,1993,615,yes,no,53.271104166666674
1983-02-10,107022,employed,debt consolidation,5,250,3406,501,no,yes,43.68244166666667
1997-06-01,383373,employed,education,0,255,3002,238,no,no,49.1581625
1985-01-06,1197647,employed,debt consolidation,0,85,4903,584,no,no,43.57458749999999
1997-04-15,1280844,employed,travel,1,43,3818,861,no,no,40.247883333333334
1983-01-15,1047858,employed,wedding,3,40,121,546,no,no,44.396224999999994
1980-10-01,408918,self-employed,medical,0,201,1600,277,no,no,44.191475000000004
1992-12-21,539626,unemployed,home renovation,0,162,942,414,no,no,43.821325
2002-04-19,338859,employed,debt consolidation,3,208,1860,802,yes,no,47.895737499999996
1978-03-12,864037,self-employed,debt consolidation,1,200,3741,20,yes,no,56.45179583333334
1984-01-23,1722717,unemployed,travel,5,220,291,329,no,no,55.32862916666667
2001-09-02,605462,unemployed,home renovation,5,289,495,722,no,yes,50.47494166666666
1985-06-11,977460,unemployed,wedding,0,200,4762,135,no,yes,56.344249999999995
1980-01-30,1596236,employed,wedding,3,156,4426,315,no,no,50.75095
1981-01-22,1174949,unemployed,debt consolidation,0,18,973,711,yes,no,51.5308625
1976-06-05,1954260,self-employed,medical,2,150,2721,520,yes,no,62.95291666666667
1976-12-12,1291597,employed,medical,5,61,4435,98,no,no,41.011629166666665
1984-08-16,243718,employed,education,4,215,189,364,no,yes,53.11180833333333
1990-05-30,644305,self-employed,home renovation,2,272,2379,637,yes,yes,62.19247916666666
1992-03-22,113037,employed,home renovation,0,214,556,361,no,no,47.3909625
1993-05-27,1712682,self-employed,wedding,1,21,2380,698,no,yes,54.051858333333335
1999-06-12,580836,self-employed,education,5,290,4549,23,no,no,39.09911666666667
1993-01-14,691269,employed,travel,4,207,1104,266,no,yes,57.45619583333333
1995-08-03,1332789,employed,home renovation,2,103,4634,218,yes,no,57.028529166666665
1974-10-04,254366,self-employed,education,5,283,444,290,no,no,40.20824166666666
1981-01-22,552420,employed,education,3,213,2811,452,no,no,42.41325
1997-06-15,204249,employed,debt consolidation,1,133,4852,849,no,no,29.34244583333333
1994-02-18,1384742,employed,wedding,2,292,2562,846,yes,yes,74.99194166666666
1999-07-17,1729161,employed,education,3,256,1216,398,no,no,63.00251250000001
1981-11-12,1088199,unemployed,medical,0,269,725,626,yes,no,64.3424875
1993-10-06,710902,employed,medical,3,275,4479,492,yes,no,53.758275
2003-10-26,1320660,self-employed,business,2,192,2079,156,no,no,52.05691666666667
1978-05-11,1588112,employed,wedding,2,218,4094,288,yes,yes,76.35006666666666
1992-08-14,1159004,employed,debt consolidation,0,287,1778,530,no,no,59.98154999999999
1995-03-28,1776676,self-employed,travel,3,215,322,639,yes,no,65.92445000000001
1988-06-10,1420073,self-employed,business,3,80,843,615,no,no,43.9149125
1997-07-18,1735996,employed,medical,0,152,562,443,yes,yes,83.74595
1972-04-13,1286180,employed,debt consolidation,3,217,1668,153,yes,no,67.06125
1992-07-14,590340,employed,business,5,113,3447,298,yes,no,44.82191666666667
1992-08-09,1199265,employed,wedding,0,133,1836,395,no,yes,64.0188125
1996-05-07,752436,self-employed,debt consolidation,1,14,4139,23,no,no,34.93078333333334
1986-01-15,496636,employed,wedding,2,51,4051,266,yes,no,44.662616666666665
1988-03-24,706031,employed,education,1,100,764,355,no,no,47.08072083333333
1977-03-03,312307,employed,home renovation,5,107,1456,707,no,no,30.938504166666664
1989-01-16,1402144,unemployed,education,5,150,1114,354,no,no,45.925466666666665
2000-01-23,1601330,unemployed,wedding,4,31,2232,409,yes,no,51.34595833333333
2004-05-30,1021248,employed,debt consolidation,4,224,2768,216,no,no,49.60293333333333
1990-01-28,513547,self-employed,medical,4,22,1154,867,yes,yes,44.87467083333333
1982-09-17,453850,employed,travel,0,171,1864,952,yes,no,50.975125
1982-03-23,1234446,employed,medical,3,86,4558,181,no,no,43.80457499999999
1995-10-12,1383140,self-employed,debt consolidation,5,76,2969,473,no,no,37.08791666666667
1977-05-22,560259,unemployed,education,1,258,1512,279,yes,no,57.42257083333333
1993-10-14,1743439,unemployed,travel,1,166,767,230,yes,no,69.59232083333335
2003-11-25,1881094,employed,debt consolidation,1,42,3470,161,no,no,55.39700833333334
1970-07-12,1390020,employed,wedding,1,205,1494,632,no,no,56.65058333333334
2004-12-21,1974889,self-employed,medical,4,204,198,192,yes,no,70.90344583333334
2004-06-06,1109325,employed,wedding,1,259,4170,408,no,yes,62.72989583333334
1973-11-10,678419,employed,travel,3,183,521,860,yes,no,52.988237500000004
1998-11-20,1779057,employed,travel,4,39,3750,81,yes,no,59.21154583333333
1974-03-17,1398207,self-employed,medical,1,86,4257,427,no,no,42.32692083333334
1982-12-12,275019,employed,wedding,0,224,1232,907,yes,no,53.1037375
1986-03-18,1525153,employed,business,2,162,1802,292,yes,no,67.30707916666667
1998-05-03,1906231,unemployed,wedding,2,8,3720,83,no,yes,57.62455416666666
1987-01-01,647218,employed,travel,2,171,3290,364,no,no,43.08689166666666
1994-09-26,1767992,employed,wedding,4,208,697,736,yes,no,67.07923333333333
1976-11-28,1389100,employed,debt consolidation,1,198,491,506,no,yes,69.55508333333333
1977-06-12,1911043,employed,education,5,239,1175,337,no,yes,71.78470416666667
1974-12-22,867052,employed,business,5,210,2750,997,yes,no,47.534816666666664
1994-06-30,1355129,employed,home renovation,5,154,2484,544,no,no,45.89777916666666
1996-02-22,1547108,unemployed,debt consolidation,4,163,909,589,yes,yes,68.11418333333333
2003-01-24,769401,employed,education,3,283,3409,919,no,no,42.7595125
1989-09-30,1478080,unemployed,home renovation,0,170,3838,456,no,no,49.739999999999995
1972-10-16,1151928,employed,medical,0,72,1259,382,no,no,51.661100000000005
1991-06-14,474127,employed,home renovation,2,92,1631,371,yes,no,50.22125416666666
2000-05-09,1262432,employed,debt consolidation,2,221,2782,102,no,no,56.913066666666666
1989-09-15,53191,employed,wedding,5,5,353,330,no,yes,38.57555416666666
1999-04-30,1975544,self-employed,debt consolidation,5,139,3648,333,yes,yes,67.68496666666665
1973-11-01,678864,employed,home renovation,2,189,3285,393,yes,no,54.10246666666666
1993-01-17,1294289,employed,travel,1,144,1331,584,yes,no,63.209945833333336
1980-07-26,492939,unemployed,education,3,110,2523,745,no,no,29.1657375
1999-05-17,1102207,unemployed,education,3,137,3675,746,no,no,35.817587499999995
2002-06-27,1235820,unemployed,home renovation,3,112,4361,890,yes,no,43.42575
1973-03-08,354224,employed,education,3,182,1673,355,no,no,41.631800000000005
1993-09-01,270169,self-employed,travel,2,150,3008,858,no,yes,37.94777916666666
1989-11-04,664641,employed,debt consolidation,0,78,4812,112,no,yes,51.4640125
1975-10-20,1512073,employed,education,2,112,1725,224,yes,no,65.47757916666667
1997-09-05,602959,employed,home renovation,3,126,4098,201,no,yes,48.630987499999996
1998-11-16,1745675,employed,business,2,21,3983,681,yes,yes,64.76160416666666
1989-08-13,1805367,employed,business,3,200,3615,893,yes,no,61.4070875
1973-12-15,271972,employed,medical,4,256,3503,728,no,no,35.24698333333333
1991-06-18,1876075,unemployed,education,5,123,4698,790,yes,no,48.971604166666665
1998-12-17,1488454,employed,debt consolidation,0,166,4780,203,yes,yes,75.315675
1988-09-25,798321,employed,home renovation,4,202,2058,389,yes,yes,65.40634583333332
1973-11-10,558679,employed,education,1,49,4109,412,yes,no,45.42882083333334
1979-08-06,471818,unemployed,wedding,2,183,2835,673,yes,no,44.314391666666666
1991-08-20,1842725,employed,travel,1,48,4591,758,no,no,47.00539583333334
1989-09-28,1936407,employed,education,2,275,3274,609,yes,no,71.98375416666666
1994-11-06,1777408,self-employed,education,5,82,501,20,yes,no,61.782266666666665
2003-12-11,754590,self-employed,business,4,182,1074,196,yes,no,52.75770833333334
1978-06-13,1041120,employed,travel,5,7,323,735,no,yes,47.034666666666666
1975-02-20,1105675,self-employed,home renovation,3,218,4713,24,no,no,45.0549375
1986-01-01,1872550,self-employed,education,5,78,335,787,yes,no,55.433541666666656
1991-10-14,1517223,self-employed,business,5,55,3598,306,no,no,38.125954166666666
1971-09-02,630780,employed,medical,3,71,4311,420,yes,no,43.61274999999999
1971-08-19,1195298,unemployed,travel,2,97,3334,965,yes,yes,55.139891666666664
1993-01-31,1015188,employed,business,3,180,325,594,yes,no,60.09985000000001
1993-10-21,604399,employed,business,4,149,2377,61,yes,no,52.97432083333333
1973-08-27,113936,employed,debt consolidation,5,11,4377,649,yes,yes,38.39686666666667
1970-07-10,1776550,employed,business,3,273,1441,37,no,yes,77.60487499999999
1976-06-01,273332,employed,debt consolidation,5,8,4136,586,yes,no,31.35131666666667
2001-03-12,775836,self-employed,education,4,142,309,26,no,no,44.25328333333333
1996-07-28,1871895,employed,education,1,235,3827,360,yes,yes,82.22802083333333
1984-04-06,1421640,employed,medical,4,92,4028,437,yes,no,53.277833333333334
2003-09-02,537510,employed,wedding,0,21,2903,659,no,yes,45.372875
1982-06-08,113530,employed,wedding,0,56,1209,840,no,no,33.401125
1986-12-01,1528016,unemployed,wedding,0,138,2126,238,yes,no,64.3682
1970-12-01,1368508,employed,debt consolidation,5,215,493,775,no,yes,60.78701666666666
1998-07-08,1650946,employed,travel,2,223,943,998,yes,no,66.58749166666665
1992-05-03,1712434,employed,travel,2,209,1624,219,yes,yes,83.08409166666667
1980-01-18,1723879,employed,medical,2,215,703,440,yes,no,73.15915416666667
1985-09-28,1830752,employed,travel,5,281,681,303,yes,yes,84.20906666666666
1994-10-09,1968596,self-employed,wedding,4,28,2039,752,yes,no,52.742783333333335
1971-06-19,1246179,unemployed,wedding,2,8,232,762,yes,yes,59.559904166666655
1997-03-25,924772,employed,business,1,156,2938,591,no,no,45.90698333333334
1980-09-06,1717303,self-employed,travel,0,263,3485,113,yes,no,71.5162875
1994-12-31,1012361,self-employed,education,4,172,3870,213,no,yes,49.71784583333333
1997-02-05,191214,self-employed,education,0,180,2368,62,yes,no,51.03417499999999
1999-04-11,689341,employed,business,2,295,1075,983,no,yes,58.05342916666666
1999-12-22,1671219,employed,business,4,60,1913,949,no,no,43.90757083333333
1998-01-16,453082,employed,business,3,112,3363,384,yes,yes,55.697525000000006
1994-08-16,251139,self-employed,education,1,145,1643,851,yes,no,41.926570833333344
1991-10-08,1078494,self-employed,wedding,2,159,2935,63,no,no,46.597841666666675
1997-01-25,1857570,employed,business,2,266,2838,285,no,no,64.66029166666667
1996-12-14,1071318,employed,medical,1,277,1457,344,yes,no,69.22080833333332
1994-08-10,699714,unemployed,debt consolidation,1,236,4234,40,yes,no,55.01175833333334
1980-06-13,638315,self-employed,business,3,245,1416,144,no,no,45.9569375
1999-05-11,1549698,unemployed,debt consolidation,2,262,261,67,yes,no,72.94589166666667
2000-11-06,1257786,self-employed,home renovation,5,253,2009,114,no,no,49.88099166666666
1975-06-15,142601,employed,business,2,81,1227,275,yes,yes,57.295179166666664
2001-12-11,1128532,employed,education,0,184,3970,531,yes,no,60.05665
1987-12-24,1336916,self-employed,travel,4,70,1758,505,no,no,39.978783333333325
1977-04-14,679085,employed,business,4,175,3225,262,no,no,41.501895833333336
1991-03-31,962735,employed,travel,0,26,2063,304,yes,no,56.16818749999999
1985-09-24,1568087,self-employed,home renovation,4,111,2389,677,no,yes,51.93642083333333
1994-11-22,1759375,employed,medical,1,231,1066,167,no,no,68.07352083333333
1972-05-29,1927541,self-employed,travel,4,220,989,558,no,yes,65.86959583333332
1974-03-25,471486,employed,debt consolidation,4,73,3161,640,yes,yes,50.154908333333324
1987-06-25,653103,unemployed,wedding,0,88,3729,76,no,yes,49.34578750000001
1999-10-05,89279,employed,business,3,107,3289,763,no,no,27.257987500000002
1994-07-28,421931,employed,home renovation,4,43,2848,308,no,yes,41.98147083333333
2001-05-16,198702,self-employed,home renovation,5,17,1766,472,no,yes,31.748441666666665
1995-10-27,1159639,employed,travel,4,185,3166,734,yes,no,53.406820833333335
1973-01-22,823887,self-employed,medical,3,272,1541,829,no,yes,52.5265875
1984-05-29,1352887,self-employed,education,0,17,1167,110,no,yes,59.3270875
1996-06-11,702184,employed,business,3,124,4323,65,yes,yes,60.68130000000001
1977-06-02,1789080,employed,home renovation,0,61,3023,341,no,no,55.9575
1995-03-27,495377,employed,medical,1,44,4353,845,yes,no,39.56954583333334
2000-02-14,1588510,employed,wedding,0,132,3956,760,no,yes,60.944374999999994
1989-04-13,569089,unemployed,home renovation,1,177,926,402,yes,no,53.42494583333334
1987-04-18,796434,self-employed,medical,1,39,4707,752,no,no,28.304758333333336
1991-12-30,1307008,self-employed,education,0,263,4085,883,no,no,47.48759999999999
2003-10-24,232051,self-employed,education,5,9,2192,390,no,no,21.733304166666667
1988-06-22,1196237,employed,home renovation,2,222,3279,101,no,no,55.15162916666666
1975-02-19,993693,unemployed,debt consolidation,0,15,4638,800,no,no,30.895162499999994
2000-11-01,1796536,self-employed,home renovation,4,121,4001,456,yes,yes,64.27803333333333
2003-07-23,1551352,self-employed,travel,5,188,2462,118,no,yes,59.35456666666668
1998-08-01,1569832,unemployed,business,5,120,2324,326,no,no,44.381566666666664
1982-06-02,173257,employed,medical,4,166,1826,177,no,yes,48.377045833333334
1974-10-25,1029062,self-employed,home renovation,2,71,2106,821,yes,no,45.657941666666666
1974-12-25,1971213,employed,business,5,204,366,991,no,no,55.86482916666667
1986-11-22,1367630,employed,travel,1,35,937,929,no,no,46.01470833333333
1971-12-13,1025217,employed,business,2,79,4684,444,no,no,39.62387916666666
1991-08-05,1931865,unemployed,home renovation,4,241,4897,451,yes,no,60.227645833333334
1991-03-25,1657828,unemployed,education,2,70,786,227,yes,yes,72.04751666666667
1991-08-13,1053171,self-employed,medical,0,74,3461,231,no,no,42.6326375
1987-10-18,1517019,self-employed,medical,2,24,456,682,yes,no,54.097404166666664
1980-04-12,973482,employed,education,1,230,3915,537,no,no,48.801858333333335
1986-12-11,853585,unemployed,debt consolidation,0,203,971,287,yes,no,61.0078125
1971-06-10,1420485,employed,home renovation,3,43,2073,578,no,no,44.9800625
1979-02-13,804444,employed,medical,4,149,4747,583,yes,no,45.51488333333333
1972-08-21,1731076,employed,home renovation,4,49,1910,884,no,no,44.76178333333334
1978-01-14,1661935,self-employed,travel,2,95,4518,475,no,no,43.40485416666666
1980-08-11,162990,self-employed,home renovation,5,242,2741,848,yes,no,36.84204166666667
1999-01-04,1168095,employed,business,0,74,2328,763,yes,no,56.015187499999996
2004-10-15,1108079,employed,education,3,170,3491,611,yes,no,54.2589875
1987-09-05,1290351,self-employed,debt consolidation,0,134,4278,593,no,yes,53.34338749999999
1999-09-24,1031883,employed,home renovation,4,218,2450,847,no,no,43.761870833333326
1984-04-25,1718321,self-employed,debt consolidation,0,93,4457,39,no,no,51.8250125
1989-07-22,763226,unemployed,debt consolidation,3,256,4979,368,no,no,38.702325
1975-09-14,1246553,employed,travel,5,76,2839,928,no,no,36.090579166666664
1990-12-31,1668702,employed,wedding,2,169,2830,297,yes,yes,77.34544166666666
2004-02-15,1550071,self-employed,education,1,53,1418,95,yes,yes,71.57322083333334
1980-11-03,1712353,self-employed,debt consolidation,0,56,1635,243,yes,yes,73.5044125
1989-02-07,76806,employed,medical,1,293,4884,756,no,yes,46.61540833333333
2004-01-21,1274648,unemployed,business,4,282,2543,322,no,no,50.06043333333334
1977-12-20,465384,employed,medical,2,118,1872,374,yes,no,50.899966666666664
1992-08-17,120119,employed,travel,2,243,3309,786,no,no,35.84015416666667
2003-09-12,1923722,self-employed,travel,0,137,977,808,no,no,55.862525
1995-03-10,1283741,unemployed,medical,5,278,2970,848,no,yes,52.193429166666675
1987-06-26,1940427,employed,education,2,170,3300,914,yes,yes,73.68200416666666
1977-02-13,679720,self-employed,medical,0,297,4244,278,yes,yes,67.07849999999999
1990-08-22,520641,employed,home renovation,0,247,3847,707,no,no,44.094012500000005
2000-12-28,929381,employed,medical,1,142,2936,140,no,no,49.77859583333334
1971-11-22,1569603,employed,business,2,83,392,812,no,yes,61.53270416666666
1979-12-15,457507,unemployed,business,0,174,1751,798,yes,no,47.936837499999996
1972-02-15,1800740,employed,wedding,1,127,4731,841,yes,yes,69.32058333333335
1997-09-21,913403,employed,business,3,180,4506,360,no,no,42.80553749999999
1989-07-22,929903,employed,medical,1,86,636,189,no,no,51.09512083333334
1992-04-05,1949954,unemployed,business,1,91,2786,811,no,no,48.57575833333333
2002-01-11,935421,self-employed,education,0,229,333,489,no,no,52.586762500000006
1982-03-13,134080,self-employed,debt consolidation,4,20,2752,898,yes,no,26.525333333333336
1984-04-30,1351367,employed,business,4,167,2474,172,no,yes,61.907420833333326
1975-10-30,1028836,self-employed,home renovation,5,102,2372,792,no,no,31.963116666666664
2002-03-26,1176370,employed,education,4,160,1066,897,yes,no,54.935958333333325
2002-10-20,342985,self-employed,wedding,1,6,989,105,no,no,34.89264583333333
1971-08-04,174447,unemployed,home renovation,5,173,3963,783,yes,no,31.74125416666667
1989-08-23,170029,employed,medical,0,96,3500,519,yes,no,44.7353625
1973-06-07,229830,self-employed,debt consolidation,2,185,134,374,yes,no,49.78154166666666
2004-09-09,1606518,employed,medical,1,235,4642,990,yes,yes,70.98080833333333
1987-02-05,1436992,employed,debt consolidation,1,152,3623,362,yes,no,63.02973333333334
1977-10-14,611931,employed,debt consolidation,5,284,1863,809,no,yes,51.69980416666667
1972-04-06,356094,employed,medical,0,193,3391,445,no,yes,52.86917499999999
1983-03-23,1286497,employed,home renovation,3,132,2588,92,no,no,51.5852125
2002-09-27,1461220,self-employed,home renovation,1,11,2800,234,yes,no,54.20858333333334
1990-11-26,733404,employed,debt consolidation,3,51,1658,421,yes,yes,59.19155000000001
1973-03-13,1597261,self-employed,home renovation,3,57,4790,744,no,no,35.7957625
1981-06-23,437732,employed,debt consolidation,4,191,2376,990,yes,no,43.702983333333336
1974-05-14,1638861,employed,debt consolidation,0,42,4106,127,yes,yes,73.10376249999999
1973-09-25,916183,self-employed,education,3,230,4539,491,no,no,38.9642875
1991-08-26,672893,employed,travel,0,57,1203,201,no,no,46.845162499999994
2001-10-25,891965,employed,education,4,228,1519,600,no,no,46.84489583333333
1995-07-16,394710,self-employed,medical,0,158,1578,599,no,no,38.687875000000005
1973-12-25,1848806,employed,travel,1,52,4014,668,yes,no,59.33540833333334
1975-09-25,1768507,employed,business,3,151,3842,116,no,no,55.81233750000001
1975-04-07,682543,employed,medical,0,68,3056,391,yes,no,51.90978749999999
1993-05-17,834586,unemployed,wedding,2,186,1482,792,no,no,40.51499166666667
1987-06-13,1061967,self-employed,education,0,129,2674,399,yes,yes,65.38658749999999
1996-01-01,501157,self-employed,home renovation,3,183,3484,253,no,no,35.916462499999994
1976-06-12,1156581,self-employed,education,4,43,1669,594,yes,no,45.66259583333333
1994-02-14,1315898,employed,home renovation,4,264,1994,878,no,yes,60.214058333333334
1984-11-25,1288360,employed,travel,3,7,2343,477,no,no,41.9985
1987-03-04,1666405,self-employed,wedding,1,68,1966,875,no,no,44.881395833333336
1974-06-16,73387,employed,travel,1,33,128,943,no,yes,41.21467083333334
2003-05-03,930412,employed,wedding,4,15,805,547,no,no,38.63348333333333
1993-05-22,1802844,employed,education,4,101,1120,219,no,no,56.48888333333333
1970-03-24,1184033,employed,home renovation,3,207,2163,613,no,no,49.6944125
1973-02-13,194129,unemployed,travel,1,25,1546,646,no,no,27.45794583333333
1999-10-16,1686892,employed,wedding,4,43,3764,956,no,no,39.48148333333334
1982-01-31,1078308,employed,debt consolidation,1,227,3087,82,no,no,56.168183333333346
1972-11-01,1742110,employed,medical,4,106,3702,644,no,no,46.56570833333333
1981-07-01,367875,unemployed,medical,0,50,3785,318,no,yes,41.3484375
1989-07-07,1778794,employed,travel,2,70,3468,705,no,no,48.41559166666667
2004-02-23,1278337,employed,home renovation,5,95,3681,708,no,yes,47.95387916666666
1996-09-27,618926,self-employed,debt consolidation,0,168,2862,719,no,no,38.222575000000006
2004-07-05,534814,self-employed,travel,5,115,4137,599,yes,no,34.83784166666666
1991-01-14,1276134,employed,education,4,127,672,869,no,no,45.60100833333334
1988-05-05,1643431,employed,wedding,2,197,4188,195,no,no,56.733554166666664
1972-12-21,472955,employed,education,2,103,714,865,no,yes,47.65060416666667
1974-10-31,1680668,employed,medical,4,295,4150,262,no,yes,68.17168333333333
1984-05-16,1469541,employed,wedding,4,163,425,22,yes,yes,78.78259583333333
1982-12-07,1102330,employed,travel,1,107,3840,308,no,no,46.70245833333334
1976-06-30,1649908,employed,education,4,285,458,85,no,no,66.44118333333333
1999-11-24,117260,employed,business,3,47,3877,60,no,yes,40.46175
1981-12-06,1165488,self-employed,home renovation,4,88,2471,796,yes,no,44.39993333333333
2004-01-29,306695,unemployed,debt consolidation,3,195,1821,158,no,no,38.361687499999995
1974-11-30,582994,self-employed,debt consolidation,4,55,1449,740,no,no,28.07275833333333
1983-10-24,845326,employed,home renovation,1,214,3796,131,yes,no,60.69790833333333
2004-11-08,396130,employed,business,3,130,3996,220,yes,no,46.259625
1999-12-02,918374,unemployed,medical,0,73,4360,289,yes,yes,58.51967499999999
1978-02-12,1805548,employed,wedding,3,269,1696,547,no,no,62.15735
1992-07-30,79725,employed,home renovation,1,262,1727,694,yes,no,52.035895833333335
1996-03-12,1235574,employed,business,5,192,2602,165,yes,no,59.85734166666668
1973-08-12,154555,self-employed,travel,3,234,3908,247,no,no,33.3459375
1989-06-13,311486,self-employed,debt consolidation,4,193,292,385,yes,yes,57.44290833333333
1981-08-15,845928,employed,business,4,14,2774,91,yes,no,48.149433333333334
2002-06-11,1679311,employed,medical,5,118,3945,501,no,no,45.658054166666666
1987-04-02,938036,unemployed,medical,1,80,2677,365,no,no,40.05478333333333
1983-08-07,1783742,employed,education,2,168,191,934,no,no,57.64144166666666
1977-10-24,924631,self-employed,home renovation,4,89,4334,282,no,no,32.85322083333334
1985-03-26,615609,self-employed,education,0,53,580,589,no,no,38.29511250000001
2003-07-08,1875977,self-employed,debt consolidation,1,181,3016,53,no,no,59.27104583333333
1973-07-29,283103,employed,business,3,222,4535,582,yes,no,44.748787500000006
1996-02-23,1032599,employed,wedding,3,193,1175,132,yes,no,63.887487500000006
1977-11-27,465872,employed,wedding,0,234,2613,358,no,yes,58.7174
1983-03-17,105147,unemployed,medical,4,259,898,717,yes,yes,53.63167083333333
1984-02-27,1714260,unemployed,wedding,1,240,4670,339,no,yes,64.03158333333333
1997-03-03,492882,employed,wedding,0,30,4049,418,no,no,35.383025
1990-01-26,525584,employed,debt consolidation,4,76,704,332,yes,no,48.97513333333333
1981-03-01,350931,unemployed,wedding,1,265,3079,120,yes,no,53.61197083333333
1994-10-26,294839,self-employed,business,3,258,697,779,yes,no,47.4014875
1984-12-19,506162,unemployed,wedding,1,275,1632,98,no,yes,59.166358333333335
1988-03-14,596015,employed,travel,5,127,613,442,no,yes,49.82085416666667
1985-08-03,1862287,employed,wedding,2,148,1977,719,no,yes,66.20125416666667
2002-10-01,1193657,self-employed,wedding,1,261,4072,803,yes,no,55.13004583333334
2000-04-24,1483441,self-employed,education,2,148,3943,721,no,yes,52.51367916666666
1990-11-16,1863994,employed,business,1,263,1799,108,no,yes,80.10525833333334
1987-12-11,1690920,employed,medical,2,51,1129,548,yes,no,62.61516666666667
2002-10-22,1757017,employed,education,5,17,4695,610,no,no,38.989379166666666
1985-07-19,739556,employed,home renovation,3,212,816,155,no,yes,61.66245
1982-03-25,742095,employed,business,4,239,4186,703,yes,no,49.15752083333332
1988-11-14,810109,unemployed,travel,2,153,765,266,no,no,45.25302916666667
1976-06-11,1178678,employed,business,5,159,2308,198,yes,no,57.754141666666655
1970-09-18,1047082,self-employed,home renovation,2,170,1179,249,no,no,48.40719166666667
1973-08-26,206570,employed,home renovation,3,94,327,880,yes,yes,52.828125
1989-01-05,1699729,self-employed,home renovation,2,190,248,908,no,no,52.83727916666666
1996-10-19,1785592,unemployed,debt consolidation,5,178,1169,512,no,no,50.42856666666666
2001-08-27,1166271,employed,medical,5,221,4827,717,no,yes,50.47105416666666
1997-03-15,481116,employed,wedding,0,268,1463,818,no,no,48.30795
1995-09-25,571608,employed,business,3,101,4608,686,no,no,31.119100000000007
